NDIME= 2
NELEM= 1600
9 0 4 160 159 0
9 159 160 161 158 1
9 158 161 162 157 2
9 157 162 163 156 3
9 156 163 164 155 4
9 155 164 165 154 5
9 154 165 166 153 6
9 153 166 167 152 7
9 152 167 168 151 8
9 151 168 169 150 9
9 150 169 170 149 10
9 149 170 171 148 11
9 148 171 172 147 12
9 147 172 173 146 13
9 146 173 174 145 14
9 145 174 175 144 15
9 144 175 176 143 16
9 143 176 177 142 17
9 142 177 178 141 18
9 141 178 179 140 19
9 140 179 180 139 20
9 139 180 181 138 21
9 138 181 182 137 22
9 137 182 183 136 23
9 136 183 184 135 24
9 135 184 185 134 25
9 134 185 186 133 26
9 133 186 187 132 27
9 132 187 188 131 28
9 131 188 189 130 29
9 130 189 190 129 30
9 129 190 191 128 31
9 128 191 192 127 32
9 127 192 193 126 33
9 126 193 194 125 34
9 125 194 195 124 35
9 124 195 196 123 36
9 123 196 197 122 37
9 122 197 198 121 38
9 121 198 120 3 39
9 4 5 199 160 40
9 160 199 200 161 41
9 161 200 201 162 42
9 162 201 202 163 43
9 163 202 203 164 44
9 164 203 204 165 45
9 165 204 205 166 46
9 166 205 206 167 47
9 167 206 207 168 48
9 168 207 208 169 49
9 169 208 209 170 50
9 170 209 210 171 51
9 171 210 211 172 52
9 172 211 212 173 53
9 173 212 213 174 54
9 174 213 214 175 55
9 175 214 215 176 56
9 176 215 216 177 57
9 177 216 217 178 58
9 178 217 218 179 59
9 179 218 219 180 60
9 180 219 220 181 61
9 181 220 221 182 62
9 182 221 222 183 63
9 183 222 223 184 64
9 184 223 224 185 65
9 185 224 225 186 66
9 186 225 226 187 67
9 187 226 227 188 68
9 188 227 228 189 69
9 189 228 229 190 70
9 190 229 230 191 71
9 191 230 231 192 72
9 192 231 232 193 73
9 193 232 233 194 74
9 194 233 234 195 75
9 195 234 235 196 76
9 196 235 236 197 77
9 197 236 237 198 78
9 198 237 119 120 79
9 5 6 238 199 80
9 199 238 239 200 81
9 200 239 240 201 82
9 201 240 241 202 83
9 202 241 242 203 84
9 203 242 243 204 85
9 204 243 244 205 86
9 205 244 245 206 87
9 206 245 246 207 88
9 207 246 247 208 89
9 208 247 248 209 90
9 209 248 249 210 91
9 210 249 250 211 92
9 211 250 251 212 93
9 212 251 252 213 94
9 213 252 253 214 95
9 214 253 254 215 96
9 215 254 255 216 97
9 216 255 256 217 98
9 217 256 257 218 99
9 218 257 258 219 100
9 219 258 259 220 101
9 220 259 260 221 102
9 221 260 261 222 103
9 222 261 262 223 104
9 223 262 263 224 105
9 224 263 264 225 106
9 225 264 265 226 107
9 226 265 266 227 108
9 227 266 267 228 109
9 228 267 268 229 110
9 229 268 269 230 111
9 230 269 270 231 112
9 231 270 271 232 113
9 232 271 272 233 114
9 233 272 273 234 115
9 234 273 274 235 116
9 235 274 275 236 117
9 236 275 276 237 118
9 237 276 118 119 119
9 6 7 277 238 120
9 238 277 278 239 121
9 239 278 279 240 122
9 240 279 280 241 123
9 241 280 281 242 124
9 242 281 282 243 125
9 243 282 283 244 126
9 244 283 284 245 127
9 245 284 285 246 128
9 246 285 286 247 129
9 247 286 287 248 130
9 248 287 288 249 131
9 249 288 289 250 132
9 250 289 290 251 133
9 251 290 291 252 134
9 252 291 292 253 135
9 253 292 293 254 136
9 254 293 294 255 137
9 255 294 295 256 138
9 256 295 296 257 139
9 257 296 297 258 140
9 258 297 298 259 141
9 259 298 299 260 142
9 260 299 300 261 143
9 261 300 301 262 144
9 262 301 302 263 145
9 263 302 303 264 146
9 264 303 304 265 147
9 265 304 305 266 148
9 266 305 306 267 149
9 267 306 307 268 150
9 268 307 308 269 151
9 269 308 309 270 152
9 270 309 310 271 153
9 271 310 311 272 154
9 272 311 312 273 155
9 273 312 313 274 156
9 274 313 314 275 157
9 275 314 315 276 158
9 276 315 117 118 159
9 7 8 316 277 160
9 277 316 317 278 161
9 278 317 318 279 162
9 279 318 319 280 163
9 280 319 320 281 164
9 281 320 321 282 165
9 282 321 322 283 166
9 283 322 323 284 167
9 284 323 324 285 168
9 285 324 325 286 169
9 286 325 326 287 170
9 287 326 327 288 171
9 288 327 328 289 172
9 289 328 329 290 173
9 290 329 330 291 174
9 291 330 331 292 175
9 292 331 332 293 176
9 293 332 333 294 177
9 294 333 334 295 178
9 295 334 335 296 179
9 296 335 336 297 180
9 297 336 337 298 181
9 298 337 338 299 182
9 299 338 339 300 183
9 300 339 340 301 184
9 301 340 341 302 185
9 302 341 342 303 186
9 303 342 343 304 187
9 304 343 344 305 188
9 305 344 345 306 189
9 306 345 346 307 190
9 307 346 347 308 191
9 308 347 348 309 192
9 309 348 349 310 193
9 310 349 350 311 194
9 311 350 351 312 195
9 312 351 352 313 196
9 313 352 353 314 197
9 314 353 354 315 198
9 315 354 116 117 199
9 8 9 355 316 200
9 316 355 356 317 201
9 317 356 357 318 202
9 318 357 358 319 203
9 319 358 359 320 204
9 320 359 360 321 205
9 321 360 361 322 206
9 322 361 362 323 207
9 323 362 363 324 208
9 324 363 364 325 209
9 325 364 365 326 210
9 326 365 366 327 211
9 327 366 367 328 212
9 328 367 368 329 213
9 329 368 369 330 214
9 330 369 370 331 215
9 331 370 371 332 216
9 332 371 372 333 217
9 333 372 373 334 218
9 334 373 374 335 219
9 335 374 375 336 220
9 336 375 376 337 221
9 337 376 377 338 222
9 338 377 378 339 223
9 339 378 379 340 224
9 340 379 380 341 225
9 341 380 381 342 226
9 342 381 382 343 227
9 343 382 383 344 228
9 344 383 384 345 229
9 345 384 385 346 230
9 346 385 386 347 231
9 347 386 387 348 232
9 348 387 388 349 233
9 349 388 389 350 234
9 350 389 390 351 235
9 351 390 391 352 236
9 352 391 392 353 237
9 353 392 393 354 238
9 354 393 115 116 239
9 9 10 394 355 240
9 355 394 395 356 241
9 356 395 396 357 242
9 357 396 397 358 243
9 358 397 398 359 244
9 359 398 399 360 245
9 360 399 400 361 246
9 361 400 401 362 247
9 362 401 402 363 248
9 363 402 403 364 249
9 364 403 404 365 250
9 365 404 405 366 251
9 366 405 406 367 252
9 367 406 407 368 253
9 368 407 408 369 254
9 369 408 409 370 255
9 370 409 410 371 256
9 371 410 411 372 257
9 372 411 412 373 258
9 373 412 413 374 259
9 374 413 414 375 260
9 375 414 415 376 261
9 376 415 416 377 262
9 377 416 417 378 263
9 378 417 418 379 264
9 379 418 419 380 265
9 380 419 420 381 266
9 381 420 421 382 267
9 382 421 422 383 268
9 383 422 423 384 269
9 384 423 424 385 270
9 385 424 425 386 271
9 386 425 426 387 272
9 387 426 427 388 273
9 388 427 428 389 274
9 389 428 429 390 275
9 390 429 430 391 276
9 391 430 431 392 277
9 392 431 432 393 278
9 393 432 114 115 279
9 10 11 433 394 280
9 394 433 434 395 281
9 395 434 435 396 282
9 396 435 436 397 283
9 397 436 437 398 284
9 398 437 438 399 285
9 399 438 439 400 286
9 400 439 440 401 287
9 401 440 441 402 288
9 402 441 442 403 289
9 403 442 443 404 290
9 404 443 444 405 291
9 405 444 445 406 292
9 406 445 446 407 293
9 407 446 447 408 294
9 408 447 448 409 295
9 409 448 449 410 296
9 410 449 450 411 297
9 411 450 451 412 298
9 412 451 452 413 299
9 413 452 453 414 300
9 414 453 454 415 301
9 415 454 455 416 302
9 416 455 456 417 303
9 417 456 457 418 304
9 418 457 458 419 305
9 419 458 459 420 306
9 420 459 460 421 307
9 421 460 461 422 308
9 422 461 462 423 309
9 423 462 463 424 310
9 424 463 464 425 311
9 425 464 465 426 312
9 426 465 466 427 313
9 427 466 467 428 314
9 428 467 468 429 315
9 429 468 469 430 316
9 430 469 470 431 317
9 431 470 471 432 318
9 432 471 113 114 319
9 11 12 472 433 320
9 433 472 473 434 321
9 434 473 474 435 322
9 435 474 475 436 323
9 436 475 476 437 324
9 437 476 477 438 325
9 438 477 478 439 326
9 439 478 479 440 327
9 440 479 480 441 328
9 441 480 481 442 329
9 442 481 482 443 330
9 443 482 483 444 331
9 444 483 484 445 332
9 445 484 485 446 333
9 446 485 486 447 334
9 447 486 487 448 335
9 448 487 488 449 336
9 449 488 489 450 337
9 450 489 490 451 338
9 451 490 491 452 339
9 452 491 492 453 340
9 453 492 493 454 341
9 454 493 494 455 342
9 455 494 495 456 343
9 456 495 496 457 344
9 457 496 497 458 345
9 458 497 498 459 346
9 459 498 499 460 347
9 460 499 500 461 348
9 461 500 501 462 349
9 462 501 502 463 350
9 463 502 503 464 351
9 464 503 504 465 352
9 465 504 505 466 353
9 466 505 506 467 354
9 467 506 507 468 355
9 468 507 508 469 356
9 469 508 509 470 357
9 470 509 510 471 358
9 471 510 112 113 359
9 12 13 511 472 360
9 472 511 512 473 361
9 473 512 513 474 362
9 474 513 514 475 363
9 475 514 515 476 364
9 476 515 516 477 365
9 477 516 517 478 366
9 478 517 518 479 367
9 479 518 519 480 368
9 480 519 520 481 369
9 481 520 521 482 370
9 482 521 522 483 371
9 483 522 523 484 372
9 484 523 524 485 373
9 485 524 525 486 374
9 486 525 526 487 375
9 487 526 527 488 376
9 488 527 528 489 377
9 489 528 529 490 378
9 490 529 530 491 379
9 491 530 531 492 380
9 492 531 532 493 381
9 493 532 533 494 382
9 494 533 534 495 383
9 495 534 535 496 384
9 496 535 536 497 385
9 497 536 537 498 386
9 498 537 538 499 387
9 499 538 539 500 388
9 500 539 540 501 389
9 501 540 541 502 390
9 502 541 542 503 391
9 503 542 543 504 392
9 504 543 544 505 393
9 505 544 545 506 394
9 506 545 546 507 395
9 507 546 547 508 396
9 508 547 548 509 397
9 509 548 549 510 398
9 510 549 111 112 399
9 13 14 550 511 400
9 511 550 551 512 401
9 512 551 552 513 402
9 513 552 553 514 403
9 514 553 554 515 404
9 515 554 555 516 405
9 516 555 556 517 406
9 517 556 557 518 407
9 518 557 558 519 408
9 519 558 559 520 409
9 520 559 560 521 410
9 521 560 561 522 411
9 522 561 562 523 412
9 523 562 563 524 413
9 524 563 564 525 414
9 525 564 565 526 415
9 526 565 566 527 416
9 527 566 567 528 417
9 528 567 568 529 418
9 529 568 569 530 419
9 530 569 570 531 420
9 531 570 571 532 421
9 532 571 572 533 422
9 533 572 573 534 423
9 534 573 574 535 424
9 535 574 575 536 425
9 536 575 576 537 426
9 537 576 577 538 427
9 538 577 578 539 428
9 539 578 579 540 429
9 540 579 580 541 430
9 541 580 581 542 431
9 542 581 582 543 432
9 543 582 583 544 433
9 544 583 584 545 434
9 545 584 585 546 435
9 546 585 586 547 436
9 547 586 587 548 437
9 548 587 588 549 438
9 549 588 110 111 439
9 14 15 589 550 440
9 550 589 590 551 441
9 551 590 591 552 442
9 552 591 592 553 443
9 553 592 593 554 444
9 554 593 594 555 445
9 555 594 595 556 446
9 556 595 596 557 447
9 557 596 597 558 448
9 558 597 598 559 449
9 559 598 599 560 450
9 560 599 600 561 451
9 561 600 601 562 452
9 562 601 602 563 453
9 563 602 603 564 454
9 564 603 604 565 455
9 565 604 605 566 456
9 566 605 606 567 457
9 567 606 607 568 458
9 568 607 608 569 459
9 569 608 609 570 460
9 570 609 610 571 461
9 571 610 611 572 462
9 572 611 612 573 463
9 573 612 613 574 464
9 574 613 614 575 465
9 575 614 615 576 466
9 576 615 616 577 467
9 577 616 617 578 468
9 578 617 618 579 469
9 579 618 619 580 470
9 580 619 620 581 471
9 581 620 621 582 472
9 582 621 622 583 473
9 583 622 623 584 474
9 584 623 624 585 475
9 585 624 625 586 476
9 586 625 626 587 477
9 587 626 627 588 478
9 588 627 109 110 479
9 15 16 628 589 480
9 589 628 629 590 481
9 590 629 630 591 482
9 591 630 631 592 483
9 592 631 632 593 484
9 593 632 633 594 485
9 594 633 634 595 486
9 595 634 635 596 487
9 596 635 636 597 488
9 597 636 637 598 489
9 598 637 638 599 490
9 599 638 639 600 491
9 600 639 640 601 492
9 601 640 641 602 493
9 602 641 642 603 494
9 603 642 643 604 495
9 604 643 644 605 496
9 605 644 645 606 497
9 606 645 646 607 498
9 607 646 647 608 499
9 608 647 648 609 500
9 609 648 649 610 501
9 610 649 650 611 502
9 611 650 651 612 503
9 612 651 652 613 504
9 613 652 653 614 505
9 614 653 654 615 506
9 615 654 655 616 507
9 616 655 656 617 508
9 617 656 657 618 509
9 618 657 658 619 510
9 619 658 659 620 511
9 620 659 660 621 512
9 621 660 661 622 513
9 622 661 662 623 514
9 623 662 663 624 515
9 624 663 664 625 516
9 625 664 665 626 517
9 626 665 666 627 518
9 627 666 108 109 519
9 16 17 667 628 520
9 628 667 668 629 521
9 629 668 669 630 522
9 630 669 670 631 523
9 631 670 671 632 524
9 632 671 672 633 525
9 633 672 673 634 526
9 634 673 674 635 527
9 635 674 675 636 528
9 636 675 676 637 529
9 637 676 677 638 530
9 638 677 678 639 531
9 639 678 679 640 532
9 640 679 680 641 533
9 641 680 681 642 534
9 642 681 682 643 535
9 643 682 683 644 536
9 644 683 684 645 537
9 645 684 685 646 538
9 646 685 686 647 539
9 647 686 687 648 540
9 648 687 688 649 541
9 649 688 689 650 542
9 650 689 690 651 543
9 651 690 691 652 544
9 652 691 692 653 545
9 653 692 693 654 546
9 654 693 694 655 547
9 655 694 695 656 548
9 656 695 696 657 549
9 657 696 697 658 550
9 658 697 698 659 551
9 659 698 699 660 552
9 660 699 700 661 553
9 661 700 701 662 554
9 662 701 702 663 555
9 663 702 703 664 556
9 664 703 704 665 557
9 665 704 705 666 558
9 666 705 107 108 559
9 17 18 706 667 560
9 667 706 707 668 561
9 668 707 708 669 562
9 669 708 709 670 563
9 670 709 710 671 564
9 671 710 711 672 565
9 672 711 712 673 566
9 673 712 713 674 567
9 674 713 714 675 568
9 675 714 715 676 569
9 676 715 716 677 570
9 677 716 717 678 571
9 678 717 718 679 572
9 679 718 719 680 573
9 680 719 720 681 574
9 681 720 721 682 575
9 682 721 722 683 576
9 683 722 723 684 577
9 684 723 724 685 578
9 685 724 725 686 579
9 686 725 726 687 580
9 687 726 727 688 581
9 688 727 728 689 582
9 689 728 729 690 583
9 690 729 730 691 584
9 691 730 731 692 585
9 692 731 732 693 586
9 693 732 733 694 587
9 694 733 734 695 588
9 695 734 735 696 589
9 696 735 736 697 590
9 697 736 737 698 591
9 698 737 738 699 592
9 699 738 739 700 593
9 700 739 740 701 594
9 701 740 741 702 595
9 702 741 742 703 596
9 703 742 743 704 597
9 704 743 744 705 598
9 705 744 106 107 599
9 18 19 745 706 600
9 706 745 746 707 601
9 707 746 747 708 602
9 708 747 748 709 603
9 709 748 749 710 604
9 710 749 750 711 605
9 711 750 751 712 606
9 712 751 752 713 607
9 713 752 753 714 608
9 714 753 754 715 609
9 715 754 755 716 610
9 716 755 756 717 611
9 717 756 757 718 612
9 718 757 758 719 613
9 719 758 759 720 614
9 720 759 760 721 615
9 721 760 761 722 616
9 722 761 762 723 617
9 723 762 763 724 618
9 724 763 764 725 619
9 725 764 765 726 620
9 726 765 766 727 621
9 727 766 767 728 622
9 728 767 768 729 623
9 729 768 769 730 624
9 730 769 770 731 625
9 731 770 771 732 626
9 732 771 772 733 627
9 733 772 773 734 628
9 734 773 774 735 629
9 735 774 775 736 630
9 736 775 776 737 631
9 737 776 777 738 632
9 738 777 778 739 633
9 739 778 779 740 634
9 740 779 780 741 635
9 741 780 781 742 636
9 742 781 782 743 637
9 743 782 783 744 638
9 744 783 105 106 639
9 19 20 784 745 640
9 745 784 785 746 641
9 746 785 786 747 642
9 747 786 787 748 643
9 748 787 788 749 644
9 749 788 789 750 645
9 750 789 790 751 646
9 751 790 791 752 647
9 752 791 792 753 648
9 753 792 793 754 649
9 754 793 794 755 650
9 755 794 795 756 651
9 756 795 796 757 652
9 757 796 797 758 653
9 758 797 798 759 654
9 759 798 799 760 655
9 760 799 800 761 656
9 761 800 801 762 657
9 762 801 802 763 658
9 763 802 803 764 659
9 764 803 804 765 660
9 765 804 805 766 661
9 766 805 806 767 662
9 767 806 807 768 663
9 768 807 808 769 664
9 769 808 809 770 665
9 770 809 810 771 666
9 771 810 811 772 667
9 772 811 812 773 668
9 773 812 813 774 669
9 774 813 814 775 670
9 775 814 815 776 671
9 776 815 816 777 672
9 777 816 817 778 673
9 778 817 818 779 674
9 779 818 819 780 675
9 780 819 820 781 676
9 781 820 821 782 677
9 782 821 822 783 678
9 783 822 104 105 679
9 20 21 823 784 680
9 784 823 824 785 681
9 785 824 825 786 682
9 786 825 826 787 683
9 787 826 827 788 684
9 788 827 828 789 685
9 789 828 829 790 686
9 790 829 830 791 687
9 791 830 831 792 688
9 792 831 832 793 689
9 793 832 833 794 690
9 794 833 834 795 691
9 795 834 835 796 692
9 796 835 836 797 693
9 797 836 837 798 694
9 798 837 838 799 695
9 799 838 839 800 696
9 800 839 840 801 697
9 801 840 841 802 698
9 802 841 842 803 699
9 803 842 843 804 700
9 804 843 844 805 701
9 805 844 845 806 702
9 806 845 846 807 703
9 807 846 847 808 704
9 808 847 848 809 705
9 809 848 849 810 706
9 810 849 850 811 707
9 811 850 851 812 708
9 812 851 852 813 709
9 813 852 853 814 710
9 814 853 854 815 711
9 815 854 855 816 712
9 816 855 856 817 713
9 817 856 857 818 714
9 818 857 858 819 715
9 819 858 859 820 716
9 820 859 860 821 717
9 821 860 861 822 718
9 822 861 103 104 719
9 21 22 862 823 720
9 823 862 863 824 721
9 824 863 864 825 722
9 825 864 865 826 723
9 826 865 866 827 724
9 827 866 867 828 725
9 828 867 868 829 726
9 829 868 869 830 727
9 830 869 870 831 728
9 831 870 871 832 729
9 832 871 872 833 730
9 833 872 873 834 731
9 834 873 874 835 732
9 835 874 875 836 733
9 836 875 876 837 734
9 837 876 877 838 735
9 838 877 878 839 736
9 839 878 879 840 737
9 840 879 880 841 738
9 841 880 881 842 739
9 842 881 882 843 740
9 843 882 883 844 741
9 844 883 884 845 742
9 845 884 885 846 743
9 846 885 886 847 744
9 847 886 887 848 745
9 848 887 888 849 746
9 849 888 889 850 747
9 850 889 890 851 748
9 851 890 891 852 749
9 852 891 892 853 750
9 853 892 893 854 751
9 854 893 894 855 752
9 855 894 895 856 753
9 856 895 896 857 754
9 857 896 897 858 755
9 858 897 898 859 756
9 859 898 899 860 757
9 860 899 900 861 758
9 861 900 102 103 759
9 22 23 901 862 760
9 862 901 902 863 761
9 863 902 903 864 762
9 864 903 904 865 763
9 865 904 905 866 764
9 866 905 906 867 765
9 867 906 907 868 766
9 868 907 908 869 767
9 869 908 909 870 768
9 870 909 910 871 769
9 871 910 911 872 770
9 872 911 912 873 771
9 873 912 913 874 772
9 874 913 914 875 773
9 875 914 915 876 774
9 876 915 916 877 775
9 877 916 917 878 776
9 878 917 918 879 777
9 879 918 919 880 778
9 880 919 920 881 779
9 881 920 921 882 780
9 882 921 922 883 781
9 883 922 923 884 782
9 884 923 924 885 783
9 885 924 925 886 784
9 886 925 926 887 785
9 887 926 927 888 786
9 888 927 928 889 787
9 889 928 929 890 788
9 890 929 930 891 789
9 891 930 931 892 790
9 892 931 932 893 791
9 893 932 933 894 792
9 894 933 934 895 793
9 895 934 935 896 794
9 896 935 936 897 795
9 897 936 937 898 796
9 898 937 938 899 797
9 899 938 939 900 798
9 900 939 101 102 799
9 23 24 940 901 800
9 901 940 941 902 801
9 902 941 942 903 802
9 903 942 943 904 803
9 904 943 944 905 804
9 905 944 945 906 805
9 906 945 946 907 806
9 907 946 947 908 807
9 908 947 948 909 808
9 909 948 949 910 809
9 910 949 950 911 810
9 911 950 951 912 811
9 912 951 952 913 812
9 913 952 953 914 813
9 914 953 954 915 814
9 915 954 955 916 815
9 916 955 956 917 816
9 917 956 957 918 817
9 918 957 958 919 818
9 919 958 959 920 819
9 920 959 960 921 820
9 921 960 961 922 821
9 922 961 962 923 822
9 923 962 963 924 823
9 924 963 964 925 824
9 925 964 965 926 825
9 926 965 966 927 826
9 927 966 967 928 827
9 928 967 968 929 828
9 929 968 969 930 829
9 930 969 970 931 830
9 931 970 971 932 831
9 932 971 972 933 832
9 933 972 973 934 833
9 934 973 974 935 834
9 935 974 975 936 835
9 936 975 976 937 836
9 937 976 977 938 837
9 938 977 978 939 838
9 939 978 100 101 839
9 24 25 979 940 840
9 940 979 980 941 841
9 941 980 981 942 842
9 942 981 982 943 843
9 943 982 983 944 844
9 944 983 984 945 845
9 945 984 985 946 846
9 946 985 986 947 847
9 947 986 987 948 848
9 948 987 988 949 849
9 949 988 989 950 850
9 950 989 990 951 851
9 951 990 991 952 852
9 952 991 992 953 853
9 953 992 993 954 854
9 954 993 994 955 855
9 955 994 995 956 856
9 956 995 996 957 857
9 957 996 997 958 858
9 958 997 998 959 859
9 959 998 999 960 860
9 960 999 1000 961 861
9 961 1000 1001 962 862
9 962 1001 1002 963 863
9 963 1002 1003 964 864
9 964 1003 1004 965 865
9 965 1004 1005 966 866
9 966 1005 1006 967 867
9 967 1006 1007 968 868
9 968 1007 1008 969 869
9 969 1008 1009 970 870
9 970 1009 1010 971 871
9 971 1010 1011 972 872
9 972 1011 1012 973 873
9 973 1012 1013 974 874
9 974 1013 1014 975 875
9 975 1014 1015 976 876
9 976 1015 1016 977 877
9 977 1016 1017 978 878
9 978 1017 99 100 879
9 25 26 1018 979 880
9 979 1018 1019 980 881
9 980 1019 1020 981 882
9 981 1020 1021 982 883
9 982 1021 1022 983 884
9 983 1022 1023 984 885
9 984 1023 1024 985 886
9 985 1024 1025 986 887
9 986 1025 1026 987 888
9 987 1026 1027 988 889
9 988 1027 1028 989 890
9 989 1028 1029 990 891
9 990 1029 1030 991 892
9 991 1030 1031 992 893
9 992 1031 1032 993 894
9 993 1032 1033 994 895
9 994 1033 1034 995 896
9 995 1034 1035 996 897
9 996 1035 1036 997 898
9 997 1036 1037 998 899
9 998 1037 1038 999 900
9 999 1038 1039 1000 901
9 1000 1039 1040 1001 902
9 1001 1040 1041 1002 903
9 1002 1041 1042 1003 904
9 1003 1042 1043 1004 905
9 1004 1043 1044 1005 906
9 1005 1044 1045 1006 907
9 1006 1045 1046 1007 908
9 1007 1046 1047 1008 909
9 1008 1047 1048 1009 910
9 1009 1048 1049 1010 911
9 1010 1049 1050 1011 912
9 1011 1050 1051 1012 913
9 1012 1051 1052 1013 914
9 1013 1052 1053 1014 915
9 1014 1053 1054 1015 916
9 1015 1054 1055 1016 917
9 1016 1055 1056 1017 918
9 1017 1056 98 99 919
9 26 27 1057 1018 920
9 1018 1057 1058 1019 921
9 1019 1058 1059 1020 922
9 1020 1059 1060 1021 923
9 1021 1060 1061 1022 924
9 1022 1061 1062 1023 925
9 1023 1062 1063 1024 926
9 1024 1063 1064 1025 927
9 1025 1064 1065 1026 928
9 1026 1065 1066 1027 929
9 1027 1066 1067 1028 930
9 1028 1067 1068 1029 931
9 1029 1068 1069 1030 932
9 1030 1069 1070 1031 933
9 1031 1070 1071 1032 934
9 1032 1071 1072 1033 935
9 1033 1072 1073 1034 936
9 1034 1073 1074 1035 937
9 1035 1074 1075 1036 938
9 1036 1075 1076 1037 939
9 1037 1076 1077 1038 940
9 1038 1077 1078 1039 941
9 1039 1078 1079 1040 942
9 1040 1079 1080 1041 943
9 1041 1080 1081 1042 944
9 1042 1081 1082 1043 945
9 1043 1082 1083 1044 946
9 1044 1083 1084 1045 947
9 1045 1084 1085 1046 948
9 1046 1085 1086 1047 949
9 1047 1086 1087 1048 950
9 1048 1087 1088 1049 951
9 1049 1088 1089 1050 952
9 1050 1089 1090 1051 953
9 1051 1090 1091 1052 954
9 1052 1091 1092 1053 955
9 1053 1092 1093 1054 956
9 1054 1093 1094 1055 957
9 1055 1094 1095 1056 958
9 1056 1095 97 98 959
9 27 28 1096 1057 960
9 1057 1096 1097 1058 961
9 1058 1097 1098 1059 962
9 1059 1098 1099 1060 963
9 1060 1099 1100 1061 964
9 1061 1100 1101 1062 965
9 1062 1101 1102 1063 966
9 1063 1102 1103 1064 967
9 1064 1103 1104 1065 968
9 1065 1104 1105 1066 969
9 1066 1105 1106 1067 970
9 1067 1106 1107 1068 971
9 1068 1107 1108 1069 972
9 1069 1108 1109 1070 973
9 1070 1109 1110 1071 974
9 1071 1110 1111 1072 975
9 1072 1111 1112 1073 976
9 1073 1112 1113 1074 977
9 1074 1113 1114 1075 978
9 1075 1114 1115 1076 979
9 1076 1115 1116 1077 980
9 1077 1116 1117 1078 981
9 1078 1117 1118 1079 982
9 1079 1118 1119 1080 983
9 1080 1119 1120 1081 984
9 1081 1120 1121 1082 985
9 1082 1121 1122 1083 986
9 1083 1122 1123 1084 987
9 1084 1123 1124 1085 988
9 1085 1124 1125 1086 989
9 1086 1125 1126 1087 990
9 1087 1126 1127 1088 991
9 1088 1127 1128 1089 992
9 1089 1128 1129 1090 993
9 1090 1129 1130 1091 994
9 1091 1130 1131 1092 995
9 1092 1131 1132 1093 996
9 1093 1132 1133 1094 997
9 1094 1133 1134 1095 998
9 1095 1134 96 97 999
9 28 29 1135 1096 1000
9 1096 1135 1136 1097 1001
9 1097 1136 1137 1098 1002
9 1098 1137 1138 1099 1003
9 1099 1138 1139 1100 1004
9 1100 1139 1140 1101 1005
9 1101 1140 1141 1102 1006
9 1102 1141 1142 1103 1007
9 1103 1142 1143 1104 1008
9 1104 1143 1144 1105 1009
9 1105 1144 1145 1106 1010
9 1106 1145 1146 1107 1011
9 1107 1146 1147 1108 1012
9 1108 1147 1148 1109 1013
9 1109 1148 1149 1110 1014
9 1110 1149 1150 1111 1015
9 1111 1150 1151 1112 1016
9 1112 1151 1152 1113 1017
9 1113 1152 1153 1114 1018
9 1114 1153 1154 1115 1019
9 1115 1154 1155 1116 1020
9 1116 1155 1156 1117 1021
9 1117 1156 1157 1118 1022
9 1118 1157 1158 1119 1023
9 1119 1158 1159 1120 1024
9 1120 1159 1160 1121 1025
9 1121 1160 1161 1122 1026
9 1122 1161 1162 1123 1027
9 1123 1162 1163 1124 1028
9 1124 1163 1164 1125 1029
9 1125 1164 1165 1126 1030
9 1126 1165 1166 1127 1031
9 1127 1166 1167 1128 1032
9 1128 1167 1168 1129 1033
9 1129 1168 1169 1130 1034
9 1130 1169 1170 1131 1035
9 1131 1170 1171 1132 1036
9 1132 1171 1172 1133 1037
9 1133 1172 1173 1134 1038
9 1134 1173 95 96 1039
9 29 30 1174 1135 1040
9 1135 1174 1175 1136 1041
9 1136 1175 1176 1137 1042
9 1137 1176 1177 1138 1043
9 1138 1177 1178 1139 1044
9 1139 1178 1179 1140 1045
9 1140 1179 1180 1141 1046
9 1141 1180 1181 1142 1047
9 1142 1181 1182 1143 1048
9 1143 1182 1183 1144 1049
9 1144 1183 1184 1145 1050
9 1145 1184 1185 1146 1051
9 1146 1185 1186 1147 1052
9 1147 1186 1187 1148 1053
9 1148 1187 1188 1149 1054
9 1149 1188 1189 1150 1055
9 1150 1189 1190 1151 1056
9 1151 1190 1191 1152 1057
9 1152 1191 1192 1153 1058
9 1153 1192 1193 1154 1059
9 1154 1193 1194 1155 1060
9 1155 1194 1195 1156 1061
9 1156 1195 1196 1157 1062
9 1157 1196 1197 1158 1063
9 1158 1197 1198 1159 1064
9 1159 1198 1199 1160 1065
9 1160 1199 1200 1161 1066
9 1161 1200 1201 1162 1067
9 1162 1201 1202 1163 1068
9 1163 1202 1203 1164 1069
9 1164 1203 1204 1165 1070
9 1165 1204 1205 1166 1071
9 1166 1205 1206 1167 1072
9 1167 1206 1207 1168 1073
9 1168 1207 1208 1169 1074
9 1169 1208 1209 1170 1075
9 1170 1209 1210 1171 1076
9 1171 1210 1211 1172 1077
9 1172 1211 1212 1173 1078
9 1173 1212 94 95 1079
9 30 31 1213 1174 1080
9 1174 1213 1214 1175 1081
9 1175 1214 1215 1176 1082
9 1176 1215 1216 1177 1083
9 1177 1216 1217 1178 1084
9 1178 1217 1218 1179 1085
9 1179 1218 1219 1180 1086
9 1180 1219 1220 1181 1087
9 1181 1220 1221 1182 1088
9 1182 1221 1222 1183 1089
9 1183 1222 1223 1184 1090
9 1184 1223 1224 1185 1091
9 1185 1224 1225 1186 1092
9 1186 1225 1226 1187 1093
9 1187 1226 1227 1188 1094
9 1188 1227 1228 1189 1095
9 1189 1228 1229 1190 1096
9 1190 1229 1230 1191 1097
9 1191 1230 1231 1192 1098
9 1192 1231 1232 1193 1099
9 1193 1232 1233 1194 1100
9 1194 1233 1234 1195 1101
9 1195 1234 1235 1196 1102
9 1196 1235 1236 1197 1103
9 1197 1236 1237 1198 1104
9 1198 1237 1238 1199 1105
9 1199 1238 1239 1200 1106
9 1200 1239 1240 1201 1107
9 1201 1240 1241 1202 1108
9 1202 1241 1242 1203 1109
9 1203 1242 1243 1204 1110
9 1204 1243 1244 1205 1111
9 1205 1244 1245 1206 1112
9 1206 1245 1246 1207 1113
9 1207 1246 1247 1208 1114
9 1208 1247 1248 1209 1115
9 1209 1248 1249 1210 1116
9 1210 1249 1250 1211 1117
9 1211 1250 1251 1212 1118
9 1212 1251 93 94 1119
9 31 32 1252 1213 1120
9 1213 1252 1253 1214 1121
9 1214 1253 1254 1215 1122
9 1215 1254 1255 1216 1123
9 1216 1255 1256 1217 1124
9 1217 1256 1257 1218 1125
9 1218 1257 1258 1219 1126
9 1219 1258 1259 1220 1127
9 1220 1259 1260 1221 1128
9 1221 1260 1261 1222 1129
9 1222 1261 1262 1223 1130
9 1223 1262 1263 1224 1131
9 1224 1263 1264 1225 1132
9 1225 1264 1265 1226 1133
9 1226 1265 1266 1227 1134
9 1227 1266 1267 1228 1135
9 1228 1267 1268 1229 1136
9 1229 1268 1269 1230 1137
9 1230 1269 1270 1231 1138
9 1231 1270 1271 1232 1139
9 1232 1271 1272 1233 1140
9 1233 1272 1273 1234 1141
9 1234 1273 1274 1235 1142
9 1235 1274 1275 1236 1143
9 1236 1275 1276 1237 1144
9 1237 1276 1277 1238 1145
9 1238 1277 1278 1239 1146
9 1239 1278 1279 1240 1147
9 1240 1279 1280 1241 1148
9 1241 1280 1281 1242 1149
9 1242 1281 1282 1243 1150
9 1243 1282 1283 1244 1151
9 1244 1283 1284 1245 1152
9 1245 1284 1285 1246 1153
9 1246 1285 1286 1247 1154
9 1247 1286 1287 1248 1155
9 1248 1287 1288 1249 1156
9 1249 1288 1289 1250 1157
9 1250 1289 1290 1251 1158
9 1251 1290 92 93 1159
9 32 33 1291 1252 1160
9 1252 1291 1292 1253 1161
9 1253 1292 1293 1254 1162
9 1254 1293 1294 1255 1163
9 1255 1294 1295 1256 1164
9 1256 1295 1296 1257 1165
9 1257 1296 1297 1258 1166
9 1258 1297 1298 1259 1167
9 1259 1298 1299 1260 1168
9 1260 1299 1300 1261 1169
9 1261 1300 1301 1262 1170
9 1262 1301 1302 1263 1171
9 1263 1302 1303 1264 1172
9 1264 1303 1304 1265 1173
9 1265 1304 1305 1266 1174
9 1266 1305 1306 1267 1175
9 1267 1306 1307 1268 1176
9 1268 1307 1308 1269 1177
9 1269 1308 1309 1270 1178
9 1270 1309 1310 1271 1179
9 1271 1310 1311 1272 1180
9 1272 1311 1312 1273 1181
9 1273 1312 1313 1274 1182
9 1274 1313 1314 1275 1183
9 1275 1314 1315 1276 1184
9 1276 1315 1316 1277 1185
9 1277 1316 1317 1278 1186
9 1278 1317 1318 1279 1187
9 1279 1318 1319 1280 1188
9 1280 1319 1320 1281 1189
9 1281 1320 1321 1282 1190
9 1282 1321 1322 1283 1191
9 1283 1322 1323 1284 1192
9 1284 1323 1324 1285 1193
9 1285 1324 1325 1286 1194
9 1286 1325 1326 1287 1195
9 1287 1326 1327 1288 1196
9 1288 1327 1328 1289 1197
9 1289 1328 1329 1290 1198
9 1290 1329 91 92 1199
9 33 34 1330 1291 1200
9 1291 1330 1331 1292 1201
9 1292 1331 1332 1293 1202
9 1293 1332 1333 1294 1203
9 1294 1333 1334 1295 1204
9 1295 1334 1335 1296 1205
9 1296 1335 1336 1297 1206
9 1297 1336 1337 1298 1207
9 1298 1337 1338 1299 1208
9 1299 1338 1339 1300 1209
9 1300 1339 1340 1301 1210
9 1301 1340 1341 1302 1211
9 1302 1341 1342 1303 1212
9 1303 1342 1343 1304 1213
9 1304 1343 1344 1305 1214
9 1305 1344 1345 1306 1215
9 1306 1345 1346 1307 1216
9 1307 1346 1347 1308 1217
9 1308 1347 1348 1309 1218
9 1309 1348 1349 1310 1219
9 1310 1349 1350 1311 1220
9 1311 1350 1351 1312 1221
9 1312 1351 1352 1313 1222
9 1313 1352 1353 1314 1223
9 1314 1353 1354 1315 1224
9 1315 1354 1355 1316 1225
9 1316 1355 1356 1317 1226
9 1317 1356 1357 1318 1227
9 1318 1357 1358 1319 1228
9 1319 1358 1359 1320 1229
9 1320 1359 1360 1321 1230
9 1321 1360 1361 1322 1231
9 1322 1361 1362 1323 1232
9 1323 1362 1363 1324 1233
9 1324 1363 1364 1325 1234
9 1325 1364 1365 1326 1235
9 1326 1365 1366 1327 1236
9 1327 1366 1367 1328 1237
9 1328 1367 1368 1329 1238
9 1329 1368 90 91 1239
9 34 35 1369 1330 1240
9 1330 1369 1370 1331 1241
9 1331 1370 1371 1332 1242
9 1332 1371 1372 1333 1243
9 1333 1372 1373 1334 1244
9 1334 1373 1374 1335 1245
9 1335 1374 1375 1336 1246
9 1336 1375 1376 1337 1247
9 1337 1376 1377 1338 1248
9 1338 1377 1378 1339 1249
9 1339 1378 1379 1340 1250
9 1340 1379 1380 1341 1251
9 1341 1380 1381 1342 1252
9 1342 1381 1382 1343 1253
9 1343 1382 1383 1344 1254
9 1344 1383 1384 1345 1255
9 1345 1384 1385 1346 1256
9 1346 1385 1386 1347 1257
9 1347 1386 1387 1348 1258
9 1348 1387 1388 1349 1259
9 1349 1388 1389 1350 1260
9 1350 1389 1390 1351 1261
9 1351 1390 1391 1352 1262
9 1352 1391 1392 1353 1263
9 1353 1392 1393 1354 1264
9 1354 1393 1394 1355 1265
9 1355 1394 1395 1356 1266
9 1356 1395 1396 1357 1267
9 1357 1396 1397 1358 1268
9 1358 1397 1398 1359 1269
9 1359 1398 1399 1360 1270
9 1360 1399 1400 1361 1271
9 1361 1400 1401 1362 1272
9 1362 1401 1402 1363 1273
9 1363 1402 1403 1364 1274
9 1364 1403 1404 1365 1275
9 1365 1404 1405 1366 1276
9 1366 1405 1406 1367 1277
9 1367 1406 1407 1368 1278
9 1368 1407 89 90 1279
9 35 36 1408 1369 1280
9 1369 1408 1409 1370 1281
9 1370 1409 1410 1371 1282
9 1371 1410 1411 1372 1283
9 1372 1411 1412 1373 1284
9 1373 1412 1413 1374 1285
9 1374 1413 1414 1375 1286
9 1375 1414 1415 1376 1287
9 1376 1415 1416 1377 1288
9 1377 1416 1417 1378 1289
9 1378 1417 1418 1379 1290
9 1379 1418 1419 1380 1291
9 1380 1419 1420 1381 1292
9 1381 1420 1421 1382 1293
9 1382 1421 1422 1383 1294
9 1383 1422 1423 1384 1295
9 1384 1423 1424 1385 1296
9 1385 1424 1425 1386 1297
9 1386 1425 1426 1387 1298
9 1387 1426 1427 1388 1299
9 1388 1427 1428 1389 1300
9 1389 1428 1429 1390 1301
9 1390 1429 1430 1391 1302
9 1391 1430 1431 1392 1303
9 1392 1431 1432 1393 1304
9 1393 1432 1433 1394 1305
9 1394 1433 1434 1395 1306
9 1395 1434 1435 1396 1307
9 1396 1435 1436 1397 1308
9 1397 1436 1437 1398 1309
9 1398 1437 1438 1399 1310
9 1399 1438 1439 1400 1311
9 1400 1439 1440 1401 1312
9 1401 1440 1441 1402 1313
9 1402 1441 1442 1403 1314
9 1403 1442 1443 1404 1315
9 1404 1443 1444 1405 1316
9 1405 1444 1445 1406 1317
9 1406 1445 1446 1407 1318
9 1407 1446 88 89 1319
9 36 37 1447 1408 1320
9 1408 1447 1448 1409 1321
9 1409 1448 1449 1410 1322
9 1410 1449 1450 1411 1323
9 1411 1450 1451 1412 1324
9 1412 1451 1452 1413 1325
9 1413 1452 1453 1414 1326
9 1414 1453 1454 1415 1327
9 1415 1454 1455 1416 1328
9 1416 1455 1456 1417 1329
9 1417 1456 1457 1418 1330
9 1418 1457 1458 1419 1331
9 1419 1458 1459 1420 1332
9 1420 1459 1460 1421 1333
9 1421 1460 1461 1422 1334
9 1422 1461 1462 1423 1335
9 1423 1462 1463 1424 1336
9 1424 1463 1464 1425 1337
9 1425 1464 1465 1426 1338
9 1426 1465 1466 1427 1339
9 1427 1466 1467 1428 1340
9 1428 1467 1468 1429 1341
9 1429 1468 1469 1430 1342
9 1430 1469 1470 1431 1343
9 1431 1470 1471 1432 1344
9 1432 1471 1472 1433 1345
9 1433 1472 1473 1434 1346
9 1434 1473 1474 1435 1347
9 1435 1474 1475 1436 1348
9 1436 1475 1476 1437 1349
9 1437 1476 1477 1438 1350
9 1438 1477 1478 1439 1351
9 1439 1478 1479 1440 1352
9 1440 1479 1480 1441 1353
9 1441 1480 1481 1442 1354
9 1442 1481 1482 1443 1355
9 1443 1482 1483 1444 1356
9 1444 1483 1484 1445 1357
9 1445 1484 1485 1446 1358
9 1446 1485 87 88 1359
9 37 38 1486 1447 1360
9 1447 1486 1487 1448 1361
9 1448 1487 1488 1449 1362
9 1449 1488 1489 1450 1363
9 1450 1489 1490 1451 1364
9 1451 1490 1491 1452 1365
9 1452 1491 1492 1453 1366
9 1453 1492 1493 1454 1367
9 1454 1493 1494 1455 1368
9 1455 1494 1495 1456 1369
9 1456 1495 1496 1457 1370
9 1457 1496 1497 1458 1371
9 1458 1497 1498 1459 1372
9 1459 1498 1499 1460 1373
9 1460 1499 1500 1461 1374
9 1461 1500 1501 1462 1375
9 1462 1501 1502 1463 1376
9 1463 1502 1503 1464 1377
9 1464 1503 1504 1465 1378
9 1465 1504 1505 1466 1379
9 1466 1505 1506 1467 1380
9 1467 1506 1507 1468 1381
9 1468 1507 1508 1469 1382
9 1469 1508 1509 1470 1383
9 1470 1509 1510 1471 1384
9 1471 1510 1511 1472 1385
9 1472 1511 1512 1473 1386
9 1473 1512 1513 1474 1387
9 1474 1513 1514 1475 1388
9 1475 1514 1515 1476 1389
9 1476 1515 1516 1477 1390
9 1477 1516 1517 1478 1391
9 1478 1517 1518 1479 1392
9 1479 1518 1519 1480 1393
9 1480 1519 1520 1481 1394
9 1481 1520 1521 1482 1395
9 1482 1521 1522 1483 1396
9 1483 1522 1523 1484 1397
9 1484 1523 1524 1485 1398
9 1485 1524 86 87 1399
9 38 39 1525 1486 1400
9 1486 1525 1526 1487 1401
9 1487 1526 1527 1488 1402
9 1488 1527 1528 1489 1403
9 1489 1528 1529 1490 1404
9 1490 1529 1530 1491 1405
9 1491 1530 1531 1492 1406
9 1492 1531 1532 1493 1407
9 1493 1532 1533 1494 1408
9 1494 1533 1534 1495 1409
9 1495 1534 1535 1496 1410
9 1496 1535 1536 1497 1411
9 1497 1536 1537 1498 1412
9 1498 1537 1538 1499 1413
9 1499 1538 1539 1500 1414
9 1500 1539 1540 1501 1415
9 1501 1540 1541 1502 1416
9 1502 1541 1542 1503 1417
9 1503 1542 1543 1504 1418
9 1504 1543 1544 1505 1419
9 1505 1544 1545 1506 1420
9 1506 1545 1546 1507 1421
9 1507 1546 1547 1508 1422
9 1508 1547 1548 1509 1423
9 1509 1548 1549 1510 1424
9 1510 1549 1550 1511 1425
9 1511 1550 1551 1512 1426
9 1512 1551 1552 1513 1427
9 1513 1552 1553 1514 1428
9 1514 1553 1554 1515 1429
9 1515 1554 1555 1516 1430
9 1516 1555 1556 1517 1431
9 1517 1556 1557 1518 1432
9 1518 1557 1558 1519 1433
9 1519 1558 1559 1520 1434
9 1520 1559 1560 1521 1435
9 1521 1560 1561 1522 1436
9 1522 1561 1562 1523 1437
9 1523 1562 1563 1524 1438
9 1524 1563 85 86 1439
9 39 40 1564 1525 1440
9 1525 1564 1565 1526 1441
9 1526 1565 1566 1527 1442
9 1527 1566 1567 1528 1443
9 1528 1567 1568 1529 1444
9 1529 1568 1569 1530 1445
9 1530 1569 1570 1531 1446
9 1531 1570 1571 1532 1447
9 1532 1571 1572 1533 1448
9 1533 1572 1573 1534 1449
9 1534 1573 1574 1535 1450
9 1535 1574 1575 1536 1451
9 1536 1575 1576 1537 1452
9 1537 1576 1577 1538 1453
9 1538 1577 1578 1539 1454
9 1539 1578 1579 1540 1455
9 1540 1579 1580 1541 1456
9 1541 1580 1581 1542 1457
9 1542 1581 1582 1543 1458
9 1543 1582 1583 1544 1459
9 1544 1583 1584 1545 1460
9 1545 1584 1585 1546 1461
9 1546 1585 1586 1547 1462
9 1547 1586 1587 1548 1463
9 1548 1587 1588 1549 1464
9 1549 1588 1589 1550 1465
9 1550 1589 1590 1551 1466
9 1551 1590 1591 1552 1467
9 1552 1591 1592 1553 1468
9 1553 1592 1593 1554 1469
9 1554 1593 1594 1555 1470
9 1555 1594 1595 1556 1471
9 1556 1595 1596 1557 1472
9 1557 1596 1597 1558 1473
9 1558 1597 1598 1559 1474
9 1559 1598 1599 1560 1475
9 1560 1599 1600 1561 1476
9 1561 1600 1601 1562 1477
9 1562 1601 1602 1563 1478
9 1563 1602 84 85 1479
9 40 41 1603 1564 1480
9 1564 1603 1604 1565 1481
9 1565 1604 1605 1566 1482
9 1566 1605 1606 1567 1483
9 1567 1606 1607 1568 1484
9 1568 1607 1608 1569 1485
9 1569 1608 1609 1570 1486
9 1570 1609 1610 1571 1487
9 1571 1610 1611 1572 1488
9 1572 1611 1612 1573 1489
9 1573 1612 1613 1574 1490
9 1574 1613 1614 1575 1491
9 1575 1614 1615 1576 1492
9 1576 1615 1616 1577 1493
9 1577 1616 1617 1578 1494
9 1578 1617 1618 1579 1495
9 1579 1618 1619 1580 1496
9 1580 1619 1620 1581 1497
9 1581 1620 1621 1582 1498
9 1582 1621 1622 1583 1499
9 1583 1622 1623 1584 1500
9 1584 1623 1624 1585 1501
9 1585 1624 1625 1586 1502
9 1586 1625 1626 1587 1503
9 1587 1626 1627 1588 1504
9 1588 1627 1628 1589 1505
9 1589 1628 1629 1590 1506
9 1590 1629 1630 1591 1507
9 1591 1630 1631 1592 1508
9 1592 1631 1632 1593 1509
9 1593 1632 1633 1594 1510
9 1594 1633 1634 1595 1511
9 1595 1634 1635 1596 1512
9 1596 1635 1636 1597 1513
9 1597 1636 1637 1598 1514
9 1598 1637 1638 1599 1515
9 1599 1638 1639 1600 1516
9 1600 1639 1640 1601 1517
9 1601 1640 1641 1602 1518
9 1602 1641 83 84 1519
9 41 42 1642 1603 1520
9 1603 1642 1643 1604 1521
9 1604 1643 1644 1605 1522
9 1605 1644 1645 1606 1523
9 1606 1645 1646 1607 1524
9 1607 1646 1647 1608 1525
9 1608 1647 1648 1609 1526
9 1609 1648 1649 1610 1527
9 1610 1649 1650 1611 1528
9 1611 1650 1651 1612 1529
9 1612 1651 1652 1613 1530
9 1613 1652 1653 1614 1531
9 1614 1653 1654 1615 1532
9 1615 1654 1655 1616 1533
9 1616 1655 1656 1617 1534
9 1617 1656 1657 1618 1535
9 1618 1657 1658 1619 1536
9 1619 1658 1659 1620 1537
9 1620 1659 1660 1621 1538
9 1621 1660 1661 1622 1539
9 1622 1661 1662 1623 1540
9 1623 1662 1663 1624 1541
9 1624 1663 1664 1625 1542
9 1625 1664 1665 1626 1543
9 1626 1665 1666 1627 1544
9 1627 1666 1667 1628 1545
9 1628 1667 1668 1629 1546
9 1629 1668 1669 1630 1547
9 1630 1669 1670 1631 1548
9 1631 1670 1671 1632 1549
9 1632 1671 1672 1633 1550
9 1633 1672 1673 1634 1551
9 1634 1673 1674 1635 1552
9 1635 1674 1675 1636 1553
9 1636 1675 1676 1637 1554
9 1637 1676 1677 1638 1555
9 1638 1677 1678 1639 1556
9 1639 1678 1679 1640 1557
9 1640 1679 1680 1641 1558
9 1641 1680 82 83 1559
9 42 1 43 1642 1560
9 1642 43 44 1643 1561
9 1643 44 45 1644 1562
9 1644 45 46 1645 1563
9 1645 46 47 1646 1564
9 1646 47 48 1647 1565
9 1647 48 49 1648 1566
9 1648 49 50 1649 1567
9 1649 50 51 1650 1568
9 1650 51 52 1651 1569
9 1651 52 53 1652 1570
9 1652 53 54 1653 1571
9 1653 54 55 1654 1572
9 1654 55 56 1655 1573
9 1655 56 57 1656 1574
9 1656 57 58 1657 1575
9 1657 58 59 1658 1576
9 1658 59 60 1659 1577
9 1659 60 61 1660 1578
9 1660 61 62 1661 1579
9 1661 62 63 1662 1580
9 1662 63 64 1663 1581
9 1663 64 65 1664 1582
9 1664 65 66 1665 1583
9 1665 66 67 1666 1584
9 1666 67 68 1667 1585
9 1667 68 69 1668 1586
9 1668 69 70 1669 1587
9 1669 70 71 1670 1588
9 1670 71 72 1671 1589
9 1671 72 73 1672 1590
9 1672 73 74 1673 1591
9 1673 74 75 1674 1592
9 1674 75 76 1675 1593
9 1675 76 77 1676 1594
9 1676 77 78 1677 1595
9 1677 78 79 1678 1596
9 1678 79 80 1679 1597
9 1679 80 81 1680 1598
9 1680 81 2 82 1599
NPOIN= 1681
0 0 0
1 0 1
1 1 2
0 1 3
0.02499999999995274 0 4
0.0499999999998994 0 5
0.07499999999985243 0 6
0.09999999999981414 0 7
0.1249999999997731 0 8
0.1499999999997029 0 9
0.1749999999996299 0 10
0.1999999999995569 0 11
0.2249999999994839 0 12
0.2499999999994109 0 13
0.274999999999338 0 14
0.299999999999265 0 15
0.324999999999192 0 16
0.3499999999991191 0 17
0.3749999999990461 0 18
0.3999999999989731 0 19
0.4249999999989001 0 20
0.4499999999988272 0 21
0.4749999999987542 0 22
0.4999999999986921 0 23
0.5249999999987471 0 24
0.5499999999988131 0 25
0.5749999999988791 0 26
0.599999999998945 0 27
0.6249999999990109 0 28
0.6499999999990769 0 29
0.6749999999991427 0 30
0.6999999999992088 0 31
0.7249999999992747 0 32
0.7499999999993406 0 33
0.7749999999994065 0 34
0.7999999999994725 0 35
0.8249999999995385 0 36
0.8499999999996044 0 37
0.8749999999996704 0 38
0.8999999999997362 0 39
0.9249999999998022 0 40
0.9499999999998682 0 41
0.9749999999999341 0 42
1 0.02499999999995274 43
1 0.0499999999998994 44
1 0.07499999999985243 45
1 0.09999999999981414 46
1 0.1249999999997731 47
1 0.1499999999997029 48
1 0.1749999999996299 49
1 0.1999999999995569 50
1 0.2249999999994839 51
1 0.2499999999994109 52
1 0.274999999999338 53
1 0.299999999999265 54
1 0.324999999999192 55
1 0.3499999999991191 56
1 0.3749999999990461 57
1 0.3999999999989731 58
1 0.4249999999989001 59
1 0.4499999999988272 60
1 0.4749999999987542 61
1 0.4999999999986921 62
1 0.5249999999987471 63
1 0.5499999999988131 64
1 0.5749999999988791 65
1 0.599999999998945 66
1 0.6249999999990109 67
1 0.6499999999990769 68
1 0.6749999999991427 69
1 0.6999999999992088 70
1 0.7249999999992747 71
1 0.7499999999993406 72
1 0.7749999999994065 73
1 0.7999999999994725 74
1 0.8249999999995385 75
1 0.8499999999996044 76
1 0.8749999999996704 77
1 0.8999999999997362 78
1 0.9249999999998022 79
1 0.9499999999998682 80
1 0.9749999999999341 81
0.9749999999998959 1 82
0.9499999999997918 1 83
0.9249999999996877 1 84
0.8999999999995836 1 85
0.8749999999995012 1 86
0.849999999999653 1 87
0.8249999999998265 1 88
0.8 1 89
0.7750000000001736 1 90
0.7500000000003471 1 91
0.7250000000005203 1 92
0.7000000000006938 1 93
0.6750000000008674 1 94
0.6500000000010406 1 95
0.6250000000012141 1 96
0.6000000000013874 1 97
0.5750000000015609 1 98
0.5500000000017343 1 99
0.5250000000019077 1 100
0.5000000000020595 1 101
0.4750000000019771 1 102
0.450000000001873 1 103
0.425000000001769 1 104
0.400000000001665 1 105
0.3750000000015609 1 106
0.3500000000014568 1 107
0.3250000000013528 1 108
0.3000000000012487 1 109
0.2750000000011447 1 110
0.2500000000010406 1 111
0.2250000000009365 1 112
0.2000000000008325 1 113
0.1750000000007285 1 114
0.1500000000006244 1 115
0.1250000000005204 1 116
0.1000000000004162 1 117
0.07500000000031226 1 118
0.0500000000002081 1 119
0.02500000000010416 1 120
0 0.9749999999998959 121
0 0.9499999999997918 122
0 0.9249999999996877 123
0 0.8999999999995836 124
0 0.8749999999995012 125
0 0.849999999999653 126
0 0.8249999999998265 127
0 0.8 128
0 0.7750000000001736 129
0 0.7500000000003471 130
0 0.7250000000005203 131
0 0.7000000000006938 132
0 0.6750000000008674 133
0 0.6500000000010406 134
0 0.6250000000012141 135
0 0.6000000000013874 136
0 0.5750000000015609 137
0 0.5500000000017343 138
0 0.5250000000019077 139
0 0.5000000000020595 140
0 0.4750000000019771 141
0 0.450000000001873 142
0 0.425000000001769 143
0 0.400000000001665 144
0 0.3750000000015609 145
0 0.3500000000014568 146
0 0.3250000000013528 147
0 0.3000000000012487 148
0 0.2750000000011447 149
0 0.2500000000010406 150
0 0.2250000000009365 151
0 0.2000000000008325 152
0 0.1750000000007285 153
0 0.1500000000006244 154
0 0.1250000000005204 155
0 0.1000000000004162 156
0 0.07500000000031226 157
0 0.0500000000002081 158
0 0.02500000000010416 159
0.02499999999995652 0.02500000000010038 160
0.02499999999996031 0.05000000000020038 161
0.02499999999996409 0.07500000000030076 162
0.02499999999996788 0.1000000000004012 163
0.02499999999997167 0.1250000000005017 164
0.02499999999997545 0.1500000000006013 165
0.02499999999997924 0.175000000000701 166
0.02499999999998302 0.2000000000008006 167
0.0249999999999868 0.2250000000009001 168
0.02499999999999059 0.2500000000009999 169
0.02499999999999438 0.2750000000010994 170
0.02499999999999817 0.3000000000011992 171
0.02500000000000195 0.3250000000012987 172
0.02500000000000573 0.3500000000013984 173
0.02500000000000952 0.3750000000014979 174
0.0250000000000133 0.4000000000015976 175
0.02500000000001709 0.4250000000016972 176
0.02500000000002088 0.450000000001797 177
0.02500000000002466 0.4750000000018965 178
0.02500000000002845 0.5000000000019752 179
0.02500000000003223 0.5250000000018287 180
0.02500000000003601 0.5500000000016613 181
0.0250000000000398 0.5750000000014939 182
0.02500000000004359 0.6000000000013264 183
0.02500000000004737 0.6250000000011589 184
0.02500000000005116 0.6500000000009916 185
0.02500000000005494 0.6750000000008242 186
0.02500000000005873 0.7000000000006568 187
0.02500000000006252 0.7250000000004893 188
0.02500000000006631 0.7500000000003217 189
0.02500000000007009 0.7750000000001545 190
0.02500000000007387 0.7999999999999867 191
0.02500000000007766 0.8249999999998193 192
0.02500000000008145 0.8499999999996518 193
0.02500000000008523 0.8749999999995054 194
0.02500000000008901 0.8999999999995876 195
0.0250000000000928 0.9249999999996906 196
0.02500000000009659 0.9499999999997937 197
0.02500000000010038 0.9749999999998969 198
0.0499999999999071 0.02500000000009659 199
0.04999999999991483 0.05000000000019268 200
0.04999999999992255 0.07500000000028927 201
0.04999999999993026 0.1000000000003861 202
0.049999999999938 0.125000000000483 203
0.0499999999999457 0.1500000000005784 204
0.04999999999995342 0.1750000000006736 205
0.04999999999996113 0.2000000000007688 206
0.04999999999996885 0.2250000000008638 207
0.04999999999997656 0.2500000000009591 208
0.04999999999998428 0.2750000000010543 209
0.04999999999999201 0.3000000000011495 210
0.04999999999999973 0.3250000000012447 211
0.05000000000000744 0.3500000000013399 212
0.05000000000001517 0.3750000000014351 213
0.05000000000002289 0.4000000000015304 214
0.05000000000003059 0.4250000000016255 215
0.05000000000003832 0.4500000000017207 216
0.05000000000004604 0.4750000000018159 217
0.05000000000005375 0.500000000001891 218
0.05000000000006147 0.5250000000017496 219
0.05000000000006918 0.5500000000015882 220
0.0500000000000769 0.5750000000014268 221
0.05000000000008462 0.6000000000012653 222
0.05000000000009233 0.6250000000011039 223
0.05000000000010005 0.6500000000009426 224
0.05000000000010778 0.6750000000007811 225
0.05000000000011549 0.7000000000006197 226
0.05000000000012321 0.7250000000004579 227
0.05000000000013091 0.7500000000002967 228
0.05000000000013864 0.7750000000001351 229
0.05000000000014637 0.7999999999999736 230
0.05000000000015407 0.8249999999998121 231
0.0500000000001618 0.8499999999996508 232
0.05000000000016952 0.8749999999995097 233
0.05000000000017724 0.8999999999995911 234
0.05000000000018495 0.9249999999996935 235
0.05000000000019267 0.9499999999997955 236
0.05000000000020038 0.9749999999998978 237
0.07499999999986394 0.0250000000000928 238
0.07499999999987543 0.05000000000018495 239
0.07499999999988695 0.07500000000027778 240
0.07499999999989841 0.100000000000371 241
0.0749999999999099 0.1250000000004643 242
0.07499999999992139 0.1500000000005553 243
0.07499999999993291 0.175000000000646 244
0.0749999999999444 0.2000000000007369 245
0.07499999999995588 0.2250000000008275 246
0.07499999999996738 0.2500000000009184 247
0.0749999999999789 0.2750000000010092 248
0.07499999999999037 0.3000000000010999 249
0.07500000000000186 0.3250000000011908 250
0.07500000000001338 0.3500000000012815 251
0.07500000000002487 0.3750000000013722 252
0.07500000000003636 0.4000000000014632 253
0.07500000000004785 0.4250000000015538 254
0.07500000000005937 0.4500000000016446 255
0.07500000000007086 0.4750000000017354 256
0.07500000000008235 0.5000000000018069 257
0.07500000000009387 0.5250000000016708 258
0.07500000000010533 0.5500000000015152 259
0.07500000000011685 0.57500000000136 260
0.07500000000012834 0.6000000000012042 261
0.07500000000013983 0.6250000000010487 262
0.07500000000015132 0.6500000000008934 263
0.07500000000016281 0.675000000000738 264
0.0750000000001743 0.7000000000005824 265
0.07500000000018579 0.7250000000004269 266
0.07500000000019731 0.7500000000002716 267
0.0750000000002088 0.775000000000116 268
0.07500000000022029 0.7999999999999605 269
0.07500000000023178 0.8249999999998049 270
0.0750000000002433 0.8499999999996494 271
0.07500000000025479 0.8749999999995138 272
0.07500000000026628 0.8999999999995951 273
0.07500000000027778 0.9249999999996964 274
0.07500000000028927 0.9499999999997975 275
0.07500000000030076 0.9749999999998989 276
0.0999999999998292 0.02500000000008902 277
0.09999999999984424 0.05000000000017723 278
0.09999999999985928 0.07500000000026628 279
0.09999999999987436 0.100000000000356 280
0.0999999999998894 0.1250000000004457 281
0.09999999999990444 0.1500000000005323 282
0.0999999999999195 0.1750000000006186 283
0.09999999999993456 0.2000000000007049 284
0.09999999999994963 0.2250000000007912 285
0.09999999999996464 0.2500000000008777 286
0.09999999999997972 0.275000000000964 287
0.09999999999999476 0.3000000000010504 288
0.1000000000000098 0.3250000000011367 289
0.1000000000000249 0.350000000001223 290
0.1000000000000399 0.3750000000013094 291
0.1000000000000549 0.4000000000013958 292
0.10000000000007 0.425000000001482 293
0.1000000000000851 0.4500000000015684 294
0.1000000000001001 0.4750000000016548 295
0.1000000000001152 0.5000000000017227 296
0.1000000000001302 0.5250000000015917 297
0.1000000000001453 0.5500000000014423 298
0.1000000000001603 0.5750000000012928 299
0.1000000000001754 0.6000000000011431 300
0.1000000000001904 0.6250000000009936 301
0.1000000000002055 0.6500000000008442 302
0.1000000000002205 0.6750000000006948 303
0.1000000000002356 0.7000000000005454 304
0.1000000000002506 0.7250000000003957 305
0.1000000000002657 0.7500000000002464 306
0.1000000000002808 0.7750000000000968 307
0.1000000000002958 0.7999999999999471 308
0.1000000000003108 0.8249999999997977 309
0.1000000000003259 0.8499999999996481 310
0.1000000000003409 0.8749999999995181 311
0.100000000000356 0.8999999999995988 312
0.100000000000371 0.924999999999699 313
0.1000000000003861 0.9499999999997993 314
0.1000000000004012 0.9749999999998997 315
0.1249999999997918 0.02500000000008523 316
0.1249999999998105 0.05000000000016951 317
0.1249999999998292 0.07500000000025479 318
0.1249999999998479 0.1000000000003409 319
0.1249999999998665 0.125000000000427 320
0.1249999999998852 0.1500000000005092 321
0.1249999999999039 0.1750000000005911 322
0.1249999999999226 0.2000000000006731 323
0.1249999999999412 0.2250000000007549 324
0.12499999999996 0.2500000000008369 325
0.1249999999999786 0.2750000000009189 326
0.1249999999999973 0.3000000000010007 327
0.125000000000016 0.3250000000010826 328
0.1250000000000347 0.3500000000011646 329
0.1250000000000534 0.3750000000012466 330
0.125000000000072 0.4000000000013285 331
0.1250000000000907 0.4250000000014104 332
0.1250000000001094 0.4500000000014923 333
0.1250000000001281 0.4750000000015742 334
0.1250000000001467 0.5000000000016386 335
0.1250000000001655 0.5250000000015127 336
0.1250000000001841 0.5500000000013691 337
0.1250000000002028 0.5750000000012259 338
0.1250000000002215 0.6000000000010821 339
0.1250000000002402 0.6250000000009387 340
0.1250000000002588 0.6500000000007951 341
0.1250000000002775 0.6750000000006519 342
0.1250000000002962 0.7000000000005082 343
0.1250000000003149 0.7250000000003647 344
0.1250000000003335 0.7500000000002214 345
0.1250000000003522 0.7750000000000776 346
0.1250000000003709 0.7999999999999341 347
0.1250000000003896 0.8249999999997907 348
0.1250000000004083 0.8499999999996471 349
0.125000000000427 0.8749999999995223 350
0.1250000000004457 0.8999999999996028 351
0.1250000000004643 0.9249999999997022 352
0.125000000000483 0.9499999999998012 353
0.1250000000005017 0.9749999999999007 354
0.1499999999997259 0.02500000000008145 355
0.149999999999749 0.05000000000016179 356
0.149999999999772 0.0750000000002433 357
0.149999999999795 0.1000000000003259 358
0.1499999999998181 0.1250000000004083 359
0.1499999999998411 0.1500000000004862 360
0.1499999999998642 0.1750000000005636 361
0.1499999999998872 0.2000000000006412 362
0.1499999999999102 0.2250000000007186 363
0.1499999999999332 0.2500000000007961 364
0.1499999999999563 0.2750000000008736 365
0.1499999999999793 0.3000000000009512 366
0.1500000000000024 0.3250000000010287 367
0.1500000000000254 0.3500000000011061 368
0.1500000000000485 0.3750000000011836 369
0.1500000000000715 0.4000000000012612 370
0.1500000000000945 0.4250000000013387 371
0.1500000000001176 0.4500000000014162 372
0.1500000000001406 0.4750000000014937 373
0.1500000000001636 0.5000000000015542 374
0.1500000000001867 0.5250000000014337 375
0.1500000000002097 0.5500000000012962 376
0.1500000000002328 0.5750000000011588 377
0.1500000000002558 0.600000000001021 378
0.1500000000002788 0.6250000000008836 379
0.1500000000003019 0.6500000000007462 380
0.1500000000003249 0.6750000000006088 381
0.1500000000003479 0.7000000000004709 382
0.150000000000371 0.7250000000003334 383
0.150000000000394 0.7500000000001961 384
0.150000000000417 0.7750000000000585 385
0.1500000000004401 0.799999999999921 386
0.1500000000004631 0.8249999999997831 387
0.1500000000004862 0.8499999999996458 388
0.1500000000005092 0.8749999999995265 389
0.1500000000005323 0.8999999999996064 390
0.1500000000005553 0.9249999999997049 391
0.1500000000005784 0.9499999999998032 392
0.1500000000006013 0.9749999999999017 393
0.1749999999996573 0.02500000000007766 394
0.1749999999996849 0.05000000000015407 395
0.1749999999997123 0.07500000000023178 396
0.1749999999997398 0.1000000000003109 397
0.1749999999997672 0.1250000000003896 398
0.1749999999997947 0.1500000000004631 399
0.1749999999998221 0.1750000000005362 400
0.1749999999998496 0.2000000000006093 401
0.1749999999998771 0.2250000000006823 402
0.1749999999999045 0.2500000000007555 403
0.174999999999932 0.2750000000008285 404
0.1749999999999595 0.3000000000009015 405
0.1749999999999869 0.3250000000009746 406
0.1750000000000144 0.3500000000010477 407
0.1750000000000418 0.3750000000011208 408
0.1750000000000693 0.400000000001194 409
0.1750000000000968 0.4250000000012669 410
0.1750000000001242 0.45000000000134 411
0.1750000000001517 0.4750000000014131 412
0.1750000000001792 0.5000000000014703 413
0.1750000000002067 0.5250000000013546 414
0.1750000000002341 0.550000000001223 415
0.1750000000002616 0.5750000000010915 416
0.175000000000289 0.60000000000096 417
0.1750000000003165 0.6250000000008286 418
0.175000000000344 0.6500000000006969 419
0.1750000000003714 0.6750000000005655 420
0.1750000000003989 0.7000000000004341 421
0.1750000000004263 0.7250000000003023 422
0.1750000000004538 0.7500000000001708 423
0.1750000000004813 0.7750000000000392 424
0.1750000000005087 0.7999999999999078 425
0.1750000000005362 0.824999999999776 426
0.1750000000005636 0.8499999999996446 427
0.1750000000005912 0.8749999999995307 428
0.1750000000006186 0.8999999999996102 429
0.1750000000006461 0.9249999999997077 430
0.1750000000006736 0.9499999999998053 431
0.175000000000701 0.9749999999999026 432
0.1999999999995888 0.02500000000007387 433
0.1999999999996207 0.05000000000014636 434
0.1999999999996526 0.07500000000022029 435
0.1999999999996845 0.1000000000002958 436
0.1999999999997164 0.125000000000371 437
0.1999999999997483 0.1500000000004401 438
0.1999999999997801 0.1750000000005087 439
0.199999999999812 0.2000000000005774 440
0.1999999999998439 0.2250000000006459 441
0.1999999999998758 0.2500000000007147 442
0.1999999999999077 0.2750000000007833 443
0.1999999999999396 0.3000000000008519 444
0.1999999999999715 0.3250000000009206 445
0.2000000000000034 0.3500000000009893 446
0.2000000000000353 0.3750000000010579 447
0.2000000000000672 0.4000000000011267 448
0.2000000000000991 0.4250000000011952 449
0.2000000000001309 0.4500000000012638 450
0.2000000000001629 0.4750000000013325 451
0.2000000000001947 0.5000000000013859 452
0.2000000000002266 0.5250000000012756 453
0.2000000000002585 0.5500000000011501 454
0.2000000000002904 0.5750000000010247 455
0.2000000000003223 0.6000000000008989 456
0.2000000000003542 0.6250000000007735 457
0.2000000000003861 0.6500000000006481 458
0.200000000000418 0.6750000000005226 459
0.2000000000004498 0.7000000000003967 460
0.2000000000004818 0.7250000000002712 461
0.2000000000005136 0.7500000000001459 462
0.2000000000005455 0.7750000000000201 463
0.2000000000005774 0.7999999999998945 464
0.2000000000006093 0.8249999999997689 465
0.2000000000006412 0.8499999999996433 466
0.2000000000006731 0.8749999999995349 467
0.2000000000007049 0.8999999999996142 468
0.2000000000007368 0.9249999999997105 469
0.2000000000007688 0.949999999999807 470
0.2000000000008006 0.9749999999999035 471
0.2249999999995203 0.02500000000007009 472
0.2249999999995566 0.05000000000013864 473
0.2249999999995929 0.07500000000020879 474
0.2249999999996292 0.1000000000002808 475
0.2249999999996655 0.1250000000003522 476
0.2249999999997018 0.150000000000417 477
0.2249999999997382 0.1750000000004813 478
0.2249999999997744 0.2000000000005455 479
0.2249999999998108 0.2250000000006096 480
0.224999999999847 0.250000000000674 481
0.2249999999998834 0.2750000000007382 482
0.2249999999999197 0.3000000000008024 483
0.224999999999956 0.3250000000008666 484
0.2249999999999924 0.3500000000009307 485
0.2250000000000286 0.3750000000009949 486
0.225000000000065 0.4000000000010594 487
0.2250000000001012 0.4250000000011235 488
0.2250000000001375 0.4500000000011877 489
0.2250000000001739 0.4750000000012518 490
0.2250000000002102 0.500000000001302 491
0.2250000000002465 0.5250000000011965 492
0.2250000000002828 0.5500000000010771 493
0.2250000000003191 0.5750000000009576 494
0.2250000000003555 0.6000000000008379 495
0.2250000000003918 0.6250000000007184 496
0.225000000000428 0.6500000000005987 497
0.2250000000004643 0.6750000000004793 498
0.2250000000005007 0.7000000000003599 499
0.225000000000537 0.7250000000002401 500
0.2250000000005734 0.7500000000001206 501
0.2250000000006097 0.775000000000001 502
0.225000000000646 0.7999999999998814 503
0.2250000000006823 0.8249999999997618 504
0.2250000000007186 0.8499999999996422 505
0.2250000000007549 0.8749999999995394 506
0.2250000000007912 0.8999999999996179 507
0.2250000000008275 0.9249999999997136 508
0.2250000000008638 0.949999999999809 509
0.2250000000009001 0.9749999999999047 510
0.2499999999994517 0.02500000000006631 511
0.2499999999994924 0.05000000000013093 512
0.2499999999995332 0.07500000000019728 513
0.2499999999995739 0.1000000000002657 514
0.2499999999996146 0.1250000000003336 515
0.2499999999996554 0.150000000000394 516
0.2499999999996961 0.1750000000004538 517
0.2499999999997369 0.2000000000005136 518
0.2499999999997777 0.2250000000005733 519
0.2499999999998185 0.2500000000006332 520
0.2499999999998591 0.2750000000006931 521
0.2499999999998999 0.3000000000007528 522
0.2499999999999405 0.3250000000008126 523
0.2499999999999813 0.3500000000008724 524
0.250000000000022 0.3750000000009322 525
0.2500000000000628 0.4000000000009921 526
0.2500000000001035 0.4250000000010518 527
0.2500000000001443 0.4500000000011116 528
0.250000000000185 0.4750000000011713 529
0.2500000000002258 0.5000000000012177 530
0.2500000000002665 0.5250000000011175 531
0.2500000000003073 0.550000000001004 532
0.250000000000348 0.5750000000008906 533
0.2500000000003887 0.6000000000007768 534
0.2500000000004295 0.6250000000006634 535
0.2500000000004702 0.6500000000005497 536
0.250000000000511 0.6750000000004361 537
0.2500000000005517 0.7000000000003226 538
0.2500000000005925 0.7250000000002089 539
0.2500000000006332 0.7500000000000953 540
0.250000000000674 0.7749999999999819 541
0.2500000000007147 0.7999999999998683 542
0.2500000000007555 0.8249999999997546 543
0.2500000000007962 0.849999999999641 544
0.2500000000008369 0.8749999999995435 545
0.2500000000008777 0.8999999999996218 546
0.2500000000009184 0.9249999999997165 547
0.2500000000009591 0.9499999999998108 548
0.2500000000009999 0.9749999999999055 549
0.2749999999993832 0.02500000000006252 550
0.2749999999994283 0.05000000000012321 551
0.2749999999994735 0.07500000000018579 552
0.2749999999995187 0.1000000000002506 553
0.2749999999995639 0.1250000000003149 554
0.2749999999996091 0.150000000000371 555
0.2749999999996541 0.1750000000004263 556
0.2749999999996993 0.2000000000004817 557
0.2749999999997445 0.225000000000537 558
0.2749999999997897 0.2500000000005925 559
0.2749999999998349 0.2750000000006478 560
0.27499999999988 0.3000000000007031 561
0.2749999999999251 0.3250000000007586 562
0.2749999999999703 0.350000000000814 563
0.2750000000000155 0.3750000000008693 564
0.2750000000000607 0.4000000000009248 565
0.2750000000001058 0.42500000000098 566
0.2750000000001511 0.4500000000010355 567
0.2750000000001961 0.4750000000010907 568
0.2750000000002414 0.5000000000011334 569
0.2750000000002865 0.5250000000010386 570
0.2750000000003317 0.5500000000009312 571
0.2750000000003769 0.5750000000008235 572
0.275000000000422 0.600000000000716 573
0.2750000000004671 0.6250000000006083 574
0.2750000000005123 0.6500000000005006 575
0.2750000000005574 0.675000000000393 576
0.2750000000006027 0.7000000000002855 577
0.2750000000006478 0.7250000000001777 578
0.275000000000693 0.7500000000000704 579
0.2750000000007382 0.7749999999999626 580
0.2750000000007833 0.799999999999855 581
0.2750000000008285 0.8249999999997473 582
0.2750000000008736 0.8499999999996395 583
0.2750000000009189 0.8749999999995478 584
0.275000000000964 0.8999999999996255 585
0.2750000000010092 0.9249999999997189 586
0.2750000000010543 0.9499999999998128 587
0.2750000000010995 0.9749999999999064 588
0.2999999999993147 0.02500000000005873 589
0.2999999999993642 0.05000000000011548 590
0.2999999999994137 0.0750000000001743 591
0.2999999999994634 0.1000000000002356 592
0.299999999999513 0.1250000000002962 593
0.2999999999995625 0.150000000000348 594
0.2999999999996121 0.1750000000003989 595
0.2999999999996618 0.2000000000004498 596
0.2999999999997114 0.2250000000005007 597
0.2999999999997609 0.2500000000005516 598
0.2999999999998105 0.2750000000006027 599
0.29999999999986 0.3000000000006536 600
0.2999999999999097 0.3250000000007045 601
0.2999999999999593 0.3500000000007555 602
0.3000000000000089 0.3750000000008065 603
0.3000000000000584 0.4000000000008574 604
0.3000000000001081 0.4250000000009083 605
0.3000000000001577 0.4500000000009593 606
0.3000000000002073 0.4750000000010102 607
0.3000000000002568 0.5000000000010493 608
0.3000000000003065 0.5250000000009596 609
0.300000000000356 0.5500000000008579 610
0.3000000000004056 0.5750000000007565 611
0.3000000000004552 0.6000000000006547 612
0.3000000000005049 0.6250000000005532 613
0.3000000000005544 0.6500000000004515 614
0.300000000000604 0.6750000000003499 615
0.3000000000006536 0.7000000000002484 616
0.3000000000007031 0.7250000000001466 617
0.3000000000007528 0.7500000000000451 618
0.3000000000008024 0.7749999999999435 619
0.3000000000008519 0.7999999999998417 620
0.3000000000009015 0.8249999999997401 621
0.3000000000009512 0.8499999999996383 622
0.3000000000010007 0.8749999999995517 623
0.3000000000010503 0.8999999999996293 624
0.3000000000010999 0.9249999999997222 625
0.3000000000011495 0.9499999999998145 626
0.3000000000011991 0.9749999999999073 627
0.324999999999246 0.02500000000005495 628
0.3249999999993001 0.05000000000010776 629
0.3249999999993541 0.07500000000016281 630
0.3249999999994082 0.1000000000002205 631
0.3249999999994621 0.1250000000002775 632
0.3249999999995161 0.1500000000003249 633
0.3249999999995702 0.1750000000003714 634
0.3249999999996241 0.2000000000004179 635
0.3249999999996782 0.2250000000004644 636
0.3249999999997323 0.250000000000511 637
0.3249999999997862 0.2750000000005574 638
0.3249999999998403 0.300000000000604 639
0.3249999999998944 0.3250000000006505 640
0.3249999999999482 0.350000000000697 641
0.3250000000000023 0.3750000000007436 642
0.3250000000000564 0.4000000000007902 643
0.3250000000001103 0.4250000000008366 644
0.3250000000001644 0.4500000000008831 645
0.3250000000002184 0.4750000000009297 646
0.3250000000002724 0.5000000000009649 647
0.3250000000003265 0.5250000000008805 648
0.3250000000003804 0.5500000000007849 649
0.3250000000004345 0.5750000000006894 650
0.3250000000004885 0.6000000000005936 651
0.3250000000005424 0.6250000000004982 652
0.3250000000005966 0.6500000000004025 653
0.3250000000006505 0.6750000000003068 654
0.3250000000007045 0.7000000000002111 655
0.3250000000007586 0.7250000000001156 656
0.3250000000008125 0.75000000000002 657
0.3250000000008666 0.7749999999999242 658
0.3250000000009206 0.7999999999998286 659
0.3250000000009746 0.8249999999997328 660
0.3250000000010287 0.8499999999996375 661
0.3250000000010826 0.8749999999995562 662
0.3250000000011367 0.8999999999996333 663
0.3250000000011908 0.9249999999997248 664
0.3250000000012447 0.9499999999998165 665
0.3250000000012987 0.9749999999999084 666
0.3499999999991774 0.02500000000005116 667
0.349999999999236 0.05000000000010006 668
0.3499999999992944 0.07500000000015132 669
0.3499999999993529 0.1000000000002055 670
0.3499999999994112 0.1250000000002588 671
0.3499999999994697 0.1500000000003019 672
0.3499999999995282 0.1750000000003439 673
0.3499999999995866 0.2000000000003861 674
0.349999999999645 0.2250000000004281 675
0.3499999999997034 0.2500000000004702 676
0.3499999999997619 0.2750000000005123 677
0.3499999999998203 0.3000000000005544 678
0.3499999999998789 0.3250000000005965 679
0.3499999999999373 0.3500000000006386 680
0.3499999999999958 0.3750000000006807 681
0.3500000000000542 0.4000000000007229 682
0.3500000000001126 0.4250000000007649 683
0.3500000000001711 0.450000000000807 684
0.3500000000002296 0.4750000000008491 685
0.3500000000002879 0.500000000000881 686
0.3500000000003464 0.5250000000008015 687
0.3500000000004049 0.5500000000007118 688
0.3500000000004633 0.5750000000006223 689
0.3500000000005217 0.6000000000005326 690
0.3500000000005802 0.6250000000004431 691
0.3500000000006386 0.6500000000003532 692
0.350000000000697 0.6750000000002637 693
0.3500000000007555 0.700000000000174 694
0.350000000000814 0.7250000000000845 695
0.3500000000008724 0.7499999999999949 696
0.3500000000009308 0.7749999999999051 697
0.3500000000009892 0.7999999999998153 698
0.3500000000010477 0.824999999999726 699
0.3500000000011062 0.8499999999996359 700
0.3500000000011646 0.8749999999995604 701
0.350000000001223 0.8999999999996371 702
0.3500000000012815 0.924999999999728 703
0.3500000000013399 0.9499999999998185 704
0.3500000000013984 0.9749999999999094 705
0.3749999999991089 0.02500000000004738 706
0.3749999999991718 0.05000000000009233 707
0.3749999999992347 0.07500000000013983 708
0.3749999999992976 0.1000000000001904 709
0.3749999999993604 0.1250000000002402 710
0.3749999999994232 0.1500000000002788 711
0.3749999999994861 0.1750000000003165 712
0.374999999999549 0.2000000000003542 713
0.3749999999996118 0.2250000000003917 714
0.3749999999996749 0.2500000000004295 715
0.3749999999997377 0.2750000000004671 716
0.3749999999998005 0.3000000000005049 717
0.3749999999998634 0.3250000000005424 718
0.3749999999999263 0.3500000000005802 719
0.3749999999999891 0.3750000000006178 720
0.375000000000052 0.4000000000006555 721
0.3750000000001149 0.4250000000006932 722
0.3750000000001779 0.4500000000007308 723
0.3750000000002407 0.4750000000007685 724
0.3750000000003035 0.5000000000007966 725
0.3750000000003664 0.5250000000007224 726
0.3750000000004292 0.550000000000639 727
0.3750000000004921 0.5750000000005553 728
0.375000000000555 0.6000000000004715 729
0.3750000000006178 0.625000000000388 730
0.3750000000006808 0.6500000000003043 731
0.3750000000007436 0.6750000000002206 732
0.3750000000008065 0.700000000000137 733
0.3750000000008693 0.7250000000000532 734
0.3750000000009321 0.7499999999999696 735
0.375000000000995 0.774999999999886 736
0.3750000000010579 0.7999999999998022 737
0.3750000000011208 0.8249999999997188 738
0.3750000000011837 0.8499999999996347 739
0.3750000000012466 0.8749999999995647 740
0.3750000000013094 0.8999999999996409 741
0.3750000000013722 0.9249999999997305 742
0.3750000000014351 0.9499999999998205 743
0.3750000000014979 0.9749999999999104 744
0.3999999999990405 0.02500000000004359 745
0.3999999999991078 0.05000000000008462 746
0.399999999999175 0.07500000000012834 747
0.3999999999992423 0.1000000000001754 748
0.3999999999993096 0.1250000000002215 749
0.3999999999993769 0.1500000000002558 750
0.3999999999994442 0.175000000000289 751
0.3999999999995115 0.2000000000003223 752
0.3999999999995788 0.2250000000003554 753
0.3999999999996461 0.2500000000003887 754
0.3999999999997135 0.275000000000422 755
0.3999999999997806 0.3000000000004552 756
0.3999999999998479 0.3250000000004885 757
0.3999999999999154 0.3500000000005218 758
0.3999999999999825 0.3750000000005549 759
0.4000000000000499 0.4000000000005882 760
0.4000000000001173 0.4250000000006214 761
0.4000000000001845 0.4500000000006548 762
0.4000000000002518 0.4750000000006879 763
0.4000000000003191 0.5000000000007127 764
0.4000000000003864 0.5250000000006436 765
0.4000000000004537 0.5500000000005657 766
0.4000000000005209 0.5750000000004882 767
0.4000000000005882 0.6000000000004104 768
0.4000000000006555 0.625000000000333 769
0.4000000000007229 0.650000000000255 770
0.4000000000007902 0.6750000000001776 771
0.4000000000008576 0.7000000000000999 772
0.4000000000009248 0.7250000000000221 773
0.400000000000992 0.7499999999999445 774
0.4000000000010594 0.7749999999998667 775
0.4000000000011267 0.7999999999997891 776
0.400000000001194 0.8249999999997112 777
0.4000000000012612 0.8499999999996337 778
0.4000000000013285 0.8749999999995688 779
0.4000000000013958 0.8999999999996446 780
0.4000000000014631 0.9249999999997335 781
0.4000000000015304 0.9499999999998223 782
0.4000000000015977 0.9749999999999115 783
0.4249999999989719 0.0250000000000398 784
0.4249999999990436 0.0500000000000769 785
0.4249999999991152 0.07500000000011685 786
0.424999999999187 0.1000000000001603 787
0.4249999999992589 0.1250000000002028 788
0.4249999999993305 0.1500000000002328 789
0.4249999999994022 0.1750000000002616 790
0.4249999999994739 0.2000000000002904 791
0.4249999999995456 0.2250000000003191 792
0.4249999999996174 0.250000000000348 793
0.4249999999996891 0.2750000000003769 794
0.4249999999997608 0.3000000000004056 795
0.4249999999998326 0.3250000000004345 796
0.4249999999999042 0.3500000000004633 797
0.424999999999976 0.3750000000004921 798
0.4250000000000477 0.4000000000005209 799
0.4250000000001194 0.4250000000005497 800
0.4250000000001911 0.4500000000005785 801
0.4250000000002628 0.4750000000006073 802
0.4250000000003346 0.5000000000006283 803
0.4250000000004063 0.5250000000005646 804
0.425000000000478 0.5500000000004929 805
0.4250000000005497 0.5750000000004212 806
0.4250000000006214 0.6000000000003494 807
0.4250000000006932 0.6250000000002779 808
0.4250000000007649 0.650000000000206 809
0.4250000000008366 0.6750000000001345 810
0.4250000000009083 0.7000000000000628 811
0.42500000000098 0.724999999999991 812
0.4250000000010518 0.7499999999999194 813
0.4250000000011235 0.7749999999998476 814
0.4250000000011952 0.7999999999997758 815
0.4250000000012669 0.8249999999997041 816
0.4250000000013386 0.8499999999996325 817
0.4250000000014104 0.874999999999573 818
0.4250000000014821 0.8999999999996484 819
0.4250000000015538 0.9249999999997364 820
0.4250000000016255 0.9499999999998243 821
0.4250000000016972 0.9749999999999123 822
0.4499999999989033 0.02500000000003602 823
0.4499999999989794 0.05000000000006918 824
0.4499999999990556 0.07500000000010536 825
0.4499999999991317 0.1000000000001453 826
0.4499999999992079 0.1250000000001841 827
0.449999999999284 0.1500000000002097 828
0.4499999999993602 0.1750000000002341 829
0.4499999999994364 0.2000000000002585 830
0.4499999999995125 0.2250000000002828 831
0.4499999999995886 0.2500000000003073 832
0.4499999999996648 0.2750000000003316 833
0.4499999999997408 0.3000000000003561 834
0.4499999999998171 0.3250000000003804 835
0.4499999999998932 0.3500000000004049 836
0.4499999999999694 0.3750000000004292 837
0.4500000000000455 0.4000000000004537 838
0.4500000000001217 0.425000000000478 839
0.4500000000001978 0.4500000000005024 840
0.450000000000274 0.4750000000005268 841
0.4500000000003501 0.5000000000005441 842
0.4500000000004263 0.5250000000004855 843
0.4500000000005024 0.5500000000004198 844
0.4500000000005785 0.5750000000003541 845
0.4500000000006548 0.6000000000002883 846
0.4500000000007308 0.6250000000002228 847
0.450000000000807 0.6500000000001569 848
0.450000000000883 0.6750000000000914 849
0.4500000000009592 0.7000000000000255 850
0.4500000000010353 0.7249999999999597 851
0.4500000000011115 0.7499999999998941 852
0.4500000000011877 0.7749999999998283 853
0.4500000000012638 0.7999999999997627 854
0.45000000000134 0.824999999999697 855
0.4500000000014162 0.8499999999996312 856
0.4500000000014923 0.8749999999995773 857
0.4500000000015685 0.8999999999996524 858
0.4500000000016446 0.9249999999997396 859
0.4500000000017208 0.9499999999998261 860
0.4500000000017969 0.9749999999999132 861
0.4749999999988347 0.02500000000003224 862
0.4749999999989155 0.05000000000006147 863
0.4749999999989959 0.07500000000009384 864
0.4749999999990766 0.1000000000001302 865
0.4749999999991571 0.1250000000001655 866
0.4749999999992376 0.1500000000001867 867
0.4749999999993182 0.1750000000002067 868
0.4749999999993988 0.2000000000002266 869
0.4749999999994793 0.2250000000002465 870
0.4749999999995601 0.2500000000002665 871
0.4749999999996404 0.2750000000002865 872
0.4749999999997211 0.3000000000003065 873
0.4749999999998017 0.3250000000003264 874
0.4749999999998822 0.3500000000003464 875
0.4749999999999628 0.3750000000003664 876
0.4750000000000434 0.4000000000003864 877
0.4750000000001239 0.4250000000004063 878
0.4750000000002045 0.4500000000004263 879
0.4750000000002851 0.4750000000004462 880
0.4750000000003657 0.50000000000046 881
0.4750000000004462 0.5250000000004065 882
0.4750000000005269 0.5500000000003468 883
0.4750000000006073 0.5750000000002871 884
0.4750000000006879 0.6000000000002272 885
0.4750000000007685 0.6250000000001678 886
0.4750000000008491 0.6500000000001078 887
0.4750000000009297 0.6750000000000481 888
0.4750000000010102 0.6999999999999884 889
0.4750000000010909 0.7249999999999286 890
0.4750000000011713 0.749999999999869 891
0.4750000000012519 0.7749999999998092 892
0.4750000000013325 0.7999999999997496 893
0.4750000000014131 0.8249999999996899 894
0.4750000000014937 0.8499999999996298 895
0.4750000000015743 0.8749999999995816 896
0.4750000000016549 0.899999999999656 897
0.4750000000017353 0.9249999999997421 898
0.4750000000018159 0.9499999999998281 899
0.4750000000018965 0.9749999999999139 900
0.4999999999987762 0.02500000000002845 901
0.4999999999988604 0.05000000000005375 902
0.4999999999989446 0.07500000000008235 903
0.4999999999990288 0.1000000000001152 904
0.499999999999113 0.1250000000001467 905
0.4999999999991972 0.1500000000001636 906
0.4999999999992814 0.1750000000001792 907
0.4999999999993655 0.2000000000001947 908
0.4999999999994498 0.2250000000002102 909
0.4999999999995339 0.2500000000002258 910
0.4999999999996182 0.2750000000002412 911
0.4999999999997023 0.3000000000002568 912
0.4999999999997865 0.3250000000002724 913
0.4999999999998707 0.350000000000288 914
0.4999999999999548 0.3750000000003034 915
0.500000000000039 0.4000000000003191 916
0.5000000000001233 0.4250000000003346 917
0.5000000000002075 0.4500000000003501 918
0.5000000000002917 0.4750000000003656 919
0.5000000000003758 0.5000000000003758 920
0.50000000000046 0.5250000000003274 921
0.5000000000005441 0.5500000000002735 922
0.5000000000006283 0.57500000000022 923
0.5000000000007127 0.6000000000001662 924
0.5000000000007968 0.6250000000001127 925
0.500000000000881 0.6500000000000588 926
0.5000000000009651 0.675000000000005 927
0.5000000000010493 0.6999999999999513 928
0.5000000000011334 0.7249999999998975 929
0.5000000000012176 0.7499999999998439 930
0.5000000000013017 0.7749999999997901 931
0.5000000000013859 0.7999999999997363 932
0.5000000000014703 0.8249999999996825 933
0.5000000000015542 0.8499999999996287 934
0.5000000000016386 0.8749999999995858 935
0.5000000000017227 0.89999999999966 936
0.5000000000018069 0.9249999999997448 937
0.500000000001891 0.9499999999998301 938
0.5000000000019752 0.9749999999999149 939
0.5249999999988262 0.02500000000002466 940
0.524999999998905 0.05000000000004604 941
0.5249999999989841 0.07500000000007083 942
0.5249999999990631 0.1000000000001001 943
0.5249999999991422 0.125000000000128 944
0.5249999999992212 0.1500000000001406 945
0.5249999999993002 0.1750000000001517 946
0.5249999999993793 0.2000000000001628 947
0.5249999999994583 0.2250000000001739 948
0.5249999999995372 0.250000000000185 949
0.5249999999996164 0.2750000000001961 950
0.5249999999996953 0.3000000000002073 951
0.5249999999997743 0.3250000000002183 952
0.5249999999998534 0.3500000000002295 953
0.5249999999999324 0.3750000000002406 954
0.5250000000000112 0.4000000000002518 955
0.5250000000000903 0.4250000000002628 956
0.5250000000001693 0.450000000000274 957
0.5250000000002484 0.4750000000002851 958
0.5250000000003274 0.5000000000002917 959
0.5250000000004065 0.5250000000002484 960
0.5250000000004855 0.5500000000002007 961
0.5250000000005646 0.5750000000001529 962
0.5250000000006434 0.6000000000001051 963
0.5250000000007224 0.6250000000000576 964
0.5250000000008015 0.6500000000000097 965
0.5250000000008805 0.6749999999999617 966
0.5250000000009596 0.6999999999999142 967
0.5250000000010384 0.7249999999998664 968
0.5250000000011175 0.7499999999998186 969
0.5250000000011965 0.7749999999997708 970
0.5250000000012756 0.7999999999997232 971
0.5250000000013546 0.8249999999996752 972
0.5250000000014337 0.8499999999996276 973
0.5250000000015127 0.87499999999959 974
0.5250000000015917 0.8999999999996637 975
0.5250000000016708 0.9249999999997479 976
0.5250000000017496 0.9499999999998319 977
0.5250000000018289 0.9749999999999157 978
0.5499999999988862 0.02500000000002088 979
0.549999999998959 0.05000000000003832 980
0.5499999999990323 0.07500000000005934 981
0.5499999999991053 0.1000000000000851 982
0.5499999999991781 0.1250000000001094 983
0.5499999999992514 0.1500000000001175 984
0.5499999999993243 0.1750000000001242 985
0.5499999999993973 0.2000000000001309 986
0.5499999999994704 0.2250000000001376 987
0.5499999999995434 0.2500000000001443 988
0.5499999999996165 0.2750000000001511 989
0.5499999999996895 0.3000000000001577 990
0.5499999999997623 0.3250000000001644 991
0.5499999999998356 0.3500000000001711 992
0.5499999999999087 0.3750000000001777 993
0.5499999999999815 0.4000000000001845 994
0.5500000000000548 0.4250000000001911 995
0.5500000000001276 0.4500000000001978 996
0.5500000000002007 0.4750000000002045 997
0.5500000000002737 0.5000000000002073 998
0.5500000000003468 0.5250000000001693 999
0.5500000000004198 0.5500000000001276 1000
0.5500000000004929 0.5750000000000859 1001
0.5500000000005659 0.6000000000000441 1002
0.5500000000006388 0.6250000000000026 1003
0.5500000000007118 0.6499999999999606 1004
0.5500000000007849 0.6749999999999187 1005
0.5500000000008579 0.6999999999998772 1006
0.550000000000931 0.7249999999998353 1007
0.550000000001004 0.7499999999997935 1008
0.5500000000010771 0.7749999999997517 1009
0.5500000000011501 0.7999999999997098 1010
0.550000000001223 0.8249999999996681 1011
0.550000000001296 0.8499999999996263 1012
0.5500000000013691 0.8749999999995942 1013
0.5500000000014423 0.8999999999996675 1014
0.5500000000015152 0.9249999999997506 1015
0.5500000000015882 0.9499999999998336 1016
0.5500000000016613 0.9749999999999168 1017
0.5749999999989459 0.02500000000001709 1018
0.574999999999013 0.0500000000000306 1019
0.5749999999990802 0.07500000000004785 1020
0.5749999999991472 0.10000000000007 1021
0.5749999999992144 0.1250000000000907 1022
0.5749999999992812 0.1500000000000945 1023
0.5749999999993483 0.1750000000000968 1024
0.5749999999994155 0.2000000000000991 1025
0.5749999999994826 0.2250000000001013 1026
0.5749999999995496 0.2500000000001035 1027
0.5749999999996167 0.2750000000001058 1028
0.5749999999996838 0.3000000000001081 1029
0.5749999999997506 0.3250000000001103 1030
0.5749999999998177 0.3500000000001126 1031
0.5749999999998847 0.3750000000001148 1032
0.5749999999999518 0.4000000000001172 1033
0.5750000000000188 0.4250000000001194 1034
0.5750000000000859 0.4500000000001216 1035
0.5750000000001529 0.4750000000001239 1036
0.57500000000022 0.5000000000001233 1037
0.5750000000002871 0.5250000000000903 1038
0.5750000000003541 0.5500000000000546 1039
0.5750000000004212 0.5750000000000188 1040
0.5750000000004882 0.599999999999983 1041
0.5750000000005553 0.6249999999999475 1042
0.5750000000006223 0.6499999999999115 1043
0.5750000000006894 0.6749999999998756 1044
0.5750000000007565 0.6999999999998399 1045
0.5750000000008235 0.724999999999804 1046
0.5750000000008906 0.7499999999997684 1047
0.5750000000009574 0.7749999999997326 1048
0.5750000000010247 0.7999999999996967 1049
0.5750000000010917 0.824999999999661 1050
0.5750000000011586 0.8499999999996249 1051
0.5750000000012256 0.8749999999995984 1052
0.5750000000012927 0.8999999999996715 1053
0.57500000000136 0.9249999999997536 1054
0.575000000001427 0.9499999999998359 1055
0.5750000000014939 0.9749999999999182 1056
0.5999999999990062 0.02500000000001331 1057
0.5999999999990673 0.05000000000002287 1058
0.5999999999991281 0.07500000000003636 1059
0.5999999999991893 0.100000000000055 1060
0.5999999999992502 0.125000000000072 1061
0.5999999999993113 0.1500000000000715 1062
0.5999999999993726 0.1750000000000693 1063
0.5999999999994334 0.2000000000000672 1064
0.5999999999994947 0.2250000000000649 1065
0.5999999999995556 0.2500000000000629 1066
0.5999999999996166 0.2750000000000607 1067
0.5999999999996777 0.3000000000000586 1068
0.599999999999739 0.3250000000000564 1069
0.5999999999997998 0.3500000000000542 1070
0.5999999999998609 0.375000000000052 1071
0.5999999999999222 0.4000000000000499 1072
0.599999999999983 0.4250000000000477 1073
0.6000000000000441 0.4500000000000455 1074
0.6000000000001053 0.4750000000000433 1075
0.6000000000001662 0.500000000000039 1076
0.6000000000002275 0.5250000000000112 1077
0.6000000000002883 0.5499999999999817 1078
0.6000000000003496 0.5749999999999518 1079
0.6000000000004104 0.5999999999999219 1080
0.6000000000004715 0.6249999999998922 1081
0.6000000000005326 0.6499999999998625 1082
0.6000000000005936 0.6749999999998325 1083
0.6000000000006547 0.6999999999998028 1084
0.6000000000007157 0.7249999999997729 1085
0.6000000000007768 0.7499999999997431 1086
0.6000000000008379 0.7749999999997133 1087
0.6000000000008989 0.7999999999996834 1088
0.60000000000096 0.8249999999996539 1089
0.600000000001021 0.8499999999996237 1090
0.6000000000010821 0.8749999999996029 1091
0.6000000000011432 0.8999999999996751 1092
0.6000000000012042 0.9249999999997564 1093
0.6000000000012653 0.9499999999998376 1094
0.6000000000013264 0.9749999999999189 1095
0.6249999999990661 0.02500000000000952 1096
0.6249999999991213 0.05000000000001516 1097
0.624999999999176 0.07500000000002487 1098
0.6249999999992313 0.1000000000000399 1099
0.6249999999992865 0.1250000000000533 1100
0.6249999999993415 0.1500000000000485 1101
0.6249999999993964 0.1750000000000418 1102
0.6249999999994517 0.2000000000000352 1103
0.6249999999995067 0.2250000000000286 1104
0.6249999999995616 0.250000000000022 1105
0.6249999999996169 0.2750000000000154 1106
0.6249999999996719 0.3000000000000089 1107
0.624999999999727 0.3250000000000023 1108
0.6249999999997818 0.3499999999999958 1109
0.6249999999998371 0.3749999999999891 1110
0.6249999999998922 0.3999999999999826 1111
0.6249999999999473 0.424999999999976 1112
0.6250000000000023 0.4499999999999693 1113
0.6250000000000574 0.4749999999999628 1114
0.6250000000001125 0.4999999999999548 1115
0.6250000000001675 0.5249999999999324 1116
0.6250000000002226 0.5499999999999085 1117
0.6250000000002777 0.5749999999998847 1118
0.625000000000333 0.5999999999998611 1119
0.625000000000388 0.6249999999998371 1120
0.6250000000004431 0.6499999999998132 1121
0.6250000000004982 0.6749999999997894 1122
0.6250000000005532 0.6999999999997657 1123
0.6250000000006083 0.7249999999997419 1124
0.6250000000006634 0.749999999999718 1125
0.6250000000007184 0.7749999999996942 1126
0.6250000000007735 0.7999999999996703 1127
0.6250000000008286 0.8249999999996465 1128
0.6250000000008836 0.8499999999996227 1129
0.6250000000009388 0.874999999999607 1130
0.6250000000009939 0.8999999999996791 1131
0.6250000000010488 0.9249999999997593 1132
0.6250000000011039 0.9499999999998394 1133
0.625000000001159 0.9749999999999198 1134
0.6499999999991259 0.02500000000000573 1135
0.6499999999991753 0.05000000000000744 1136
0.6499999999992241 0.07500000000001338 1137
0.649999999999273 0.1000000000000248 1138
0.6499999999993222 0.1250000000000347 1139
0.6499999999993713 0.1500000000000254 1140
0.6499999999994206 0.1750000000000144 1141
0.6499999999994697 0.2000000000000034 1142
0.6499999999995186 0.2249999999999923 1143
0.6499999999995678 0.2499999999999813 1144
0.6499999999996169 0.2749999999999703 1145
0.6499999999996662 0.2999999999999593 1146
0.649999999999715 0.3249999999999483 1147
0.6499999999997641 0.3499999999999373 1148
0.6499999999998132 0.3749999999999263 1149
0.6499999999998625 0.3999999999999153 1150
0.6499999999999115 0.4249999999999042 1151
0.6499999999999606 0.4499999999998933 1152
0.6500000000000097 0.4749999999998822 1153
0.6500000000000588 0.4999999999998707 1154
0.6500000000001078 0.5249999999998534 1155
0.6500000000001569 0.5499999999998356 1156
0.650000000000206 0.5749999999998177 1157
0.650000000000255 0.5999999999997998 1158
0.6500000000003041 0.6249999999997821 1159
0.6500000000003534 0.6499999999997643 1160
0.6500000000004025 0.6749999999997464 1161
0.6500000000004515 0.6999999999997286 1162
0.6500000000005006 0.7249999999997105 1163
0.6500000000005497 0.7499999999996929 1164
0.6500000000005988 0.7749999999996751 1165
0.6500000000006478 0.7999999999996572 1166
0.6500000000006969 0.8249999999996392 1167
0.6500000000007462 0.8499999999996214 1168
0.6500000000007951 0.8749999999996111 1169
0.6500000000008443 0.8999999999996828 1170
0.6500000000008934 0.9249999999997621 1171
0.6500000000009425 0.9499999999998414 1172
0.6500000000009916 0.9749999999999207 1173
0.6749999999991857 0.02500000000000195 1174
0.674999999999229 0.04999999999999973 1175
0.6749999999992723 0.07500000000000188 1176
0.674999999999315 0.1000000000000098 1177
0.6749999999993582 0.125000000000016 1178
0.6749999999994013 0.1500000000000024 1179
0.6749999999994444 0.1749999999999869 1180
0.6749999999994877 0.1999999999999715 1181
0.674999999999531 0.224999999999956 1182
0.6749999999995739 0.2499999999999405 1183
0.6749999999996171 0.2749999999999252 1184
0.6749999999996602 0.2999999999999098 1185
0.6749999999997033 0.3249999999998943 1186
0.6749999999997464 0.3499999999998789 1187
0.6749999999997894 0.3749999999998634 1188
0.6749999999998325 0.3999999999998479 1189
0.6749999999998756 0.4249999999998325 1190
0.6749999999999187 0.449999999999817 1191
0.6749999999999617 0.4749999999998017 1192
0.675000000000005 0.4999999999997865 1193
0.6750000000000481 0.5249999999997743 1194
0.6750000000000912 0.5499999999997623 1195
0.6750000000001345 0.5749999999997506 1196
0.6750000000001776 0.599999999999739 1197
0.6750000000002206 0.624999999999727 1198
0.6750000000002637 0.649999999999715 1199
0.6750000000003068 0.6749999999997033 1200
0.6750000000003499 0.6999999999996915 1201
0.675000000000393 0.7249999999996795 1202
0.675000000000436 0.7499999999996676 1203
0.6750000000004793 0.7749999999996557 1204
0.6750000000005225 0.7999999999996439 1205
0.6750000000005657 0.8249999999996322 1206
0.6750000000006088 0.8499999999996204 1207
0.6750000000006519 0.8749999999996152 1208
0.6750000000006949 0.8999999999996866 1209
0.675000000000738 0.9249999999997647 1210
0.6750000000007811 0.9499999999998434 1211
0.6750000000008242 0.9749999999999216 1212
0.6999999999992459 0.02499999999999816 1213
0.6999999999992832 0.04999999999999201 1214
0.6999999999993201 0.07499999999999039 1215
0.699999999999357 0.09999999999999476 1216
0.6999999999993944 0.1249999999999973 1217
0.6999999999994315 0.1499999999999793 1218
0.6999999999994686 0.1749999999999595 1219
0.6999999999995059 0.1999999999999396 1220
0.699999999999543 0.2249999999999197 1221
0.6999999999995801 0.2499999999998999 1222
0.6999999999996174 0.27499999999988 1223
0.6999999999996542 0.2999999999998602 1224
0.6999999999996915 0.3249999999998403 1225
0.6999999999997286 0.3499999999998203 1226
0.6999999999997657 0.3749999999998005 1227
0.6999999999998028 0.3999999999997806 1228
0.6999999999998399 0.4249999999997608 1229
0.6999999999998772 0.4499999999997409 1230
0.6999999999999142 0.4749999999997211 1231
0.6999999999999513 0.4999999999997023 1232
0.6999999999999884 0.5249999999996953 1233
0.7000000000000255 0.5499999999996895 1234
0.7000000000000628 0.5749999999996835 1235
0.7000000000000999 0.5999999999996777 1236
0.700000000000137 0.6249999999996717 1237
0.700000000000174 0.649999999999666 1238
0.7000000000002111 0.6749999999996602 1239
0.7000000000002484 0.6999999999996542 1240
0.7000000000002855 0.7249999999996484 1241
0.7000000000003226 0.7499999999996427 1242
0.7000000000003597 0.7749999999996364 1243
0.7000000000003967 0.7999999999996308 1244
0.7000000000004341 0.8249999999996249 1245
0.7000000000004709 0.8499999999996188 1246
0.7000000000005082 0.8749999999996199 1247
0.7000000000005455 0.8999999999996904 1248
0.7000000000005824 0.9249999999997679 1249
0.7000000000006197 0.9499999999998452 1250
0.7000000000006565 0.9749999999999224 1251
0.724999999999306 0.02499999999999438 1252
0.7249999999993368 0.04999999999998428 1253
0.7249999999993679 0.0749999999999789 1254
0.7249999999993991 0.09999999999997972 1255
0.7249999999994303 0.1249999999999786 1256
0.7249999999994614 0.1499999999999563 1257
0.7249999999994927 0.174999999999932 1258
0.7249999999995236 0.1999999999999077 1259
0.7249999999995551 0.2249999999998834 1260
0.7249999999995861 0.2499999999998591 1261
0.7249999999996173 0.2749999999998349 1262
0.7249999999996484 0.2999999999998105 1263
0.7249999999996795 0.3249999999997862 1264
0.7249999999997108 0.3499999999997619 1265
0.7249999999997416 0.3749999999997377 1266
0.7249999999997729 0.3999999999997134 1267
0.7249999999998042 0.4249999999996891 1268
0.7249999999998353 0.4499999999996648 1269
0.7249999999998664 0.4749999999996405 1270
0.7249999999998975 0.4999999999996181 1271
0.7249999999999286 0.5249999999996164 1272
0.7249999999999599 0.5499999999996165 1273
0.724999999999991 0.5749999999996165 1274
0.7250000000000218 0.5999999999996168 1275
0.7250000000000532 0.6249999999996166 1276
0.7250000000000842 0.6499999999996169 1277
0.7250000000001156 0.6749999999996171 1278
0.7250000000001466 0.6999999999996174 1279
0.7250000000001777 0.7249999999996173 1280
0.7250000000002088 0.7499999999996174 1281
0.7250000000002399 0.7749999999996173 1282
0.7250000000002712 0.7999999999996177 1283
0.7250000000003023 0.8249999999996179 1284
0.7250000000003336 0.8499999999996178 1285
0.7250000000003647 0.8749999999996237 1286
0.7250000000003958 0.8999999999996942 1287
0.7250000000004269 0.9249999999997706 1288
0.7250000000004579 0.9499999999998472 1289
0.725000000000489 0.9749999999999237 1290
0.7499999999993658 0.02499999999999059 1291
0.7499999999993907 0.04999999999997656 1292
0.7499999999994162 0.07499999999996741 1293
0.749999999999441 0.09999999999996467 1294
0.7499999999994664 0.1249999999999599 1295
0.7499999999994917 0.1499999999999332 1296
0.7499999999995166 0.1749999999999045 1297
0.7499999999995421 0.1999999999998758 1298
0.749999999999567 0.2249999999998471 1299
0.7499999999995921 0.2499999999998184 1300
0.7499999999996174 0.2749999999997896 1301
0.7499999999996425 0.2999999999997609 1302
0.7499999999996676 0.3249999999997322 1303
0.7499999999996929 0.3499999999997035 1304
0.7499999999997182 0.3749999999996748 1305
0.7499999999997433 0.3999999999996461 1306
0.7499999999997684 0.4249999999996174 1307
0.7499999999997935 0.4499999999995886 1308
0.7499999999998188 0.4749999999995599 1309
0.7499999999998439 0.4999999999995339 1310
0.749999999999869 0.5249999999995374 1311
0.7499999999998941 0.5499999999995434 1312
0.7499999999999194 0.5749999999995494 1313
0.7499999999999445 0.5999999999995556 1314
0.7499999999999698 0.6249999999995616 1315
0.7499999999999947 0.6499999999995678 1316
0.7500000000000198 0.6749999999995741 1317
0.7500000000000451 0.6999999999995801 1318
0.7500000000000704 0.7249999999995862 1319
0.7500000000000955 0.7499999999995921 1320
0.7500000000001206 0.7749999999995982 1321
0.7500000000001459 0.7999999999996044 1322
0.7500000000001708 0.8249999999996106 1323
0.7500000000001961 0.8499999999996165 1324
0.7500000000002214 0.8749999999996281 1325
0.7500000000002465 0.8999999999996982 1326
0.7500000000002716 0.9249999999997737 1327
0.7500000000002969 0.9499999999998492 1328
0.7500000000003217 0.9749999999999248 1329
0.7749999999994255 0.0249999999999868 1330
0.7749999999994448 0.04999999999996885 1331
0.7749999999994641 0.07499999999995589 1332
0.7749999999994831 0.0999999999999496 1333
0.7749999999995025 0.1249999999999413 1334
0.7749999999995216 0.1499999999999102 1335
0.7749999999995407 0.1749999999998771 1336
0.7749999999995598 0.1999999999998439 1337
0.7749999999995791 0.2249999999998107 1338
0.7749999999995982 0.2499999999997776 1339
0.7749999999996173 0.2749999999997445 1340
0.7749999999996366 0.2999999999997113 1341
0.7749999999996555 0.3249999999996782 1342
0.7749999999996751 0.349999999999645 1343
0.7749999999996942 0.3749999999996119 1344
0.7749999999997133 0.3999999999995788 1345
0.7749999999997326 0.4249999999995456 1346
0.7749999999997517 0.4499999999995125 1347
0.774999999999771 0.4749999999994793 1348
0.7749999999997901 0.4999999999994498 1349
0.7749999999998092 0.5249999999994583 1350
0.7749999999998283 0.5499999999994704 1351
0.7749999999998474 0.5749999999994824 1352
0.7749999999998669 0.5999999999994947 1353
0.7749999999998858 0.6249999999995065 1354
0.7749999999999051 0.6499999999995187 1355
0.7749999999999242 0.6749999999995308 1356
0.7749999999999433 0.699999999999543 1357
0.7749999999999626 0.7249999999995551 1358
0.7749999999999817 0.7499999999995672 1359
0.775000000000001 0.7749999999995791 1360
0.7750000000000201 0.799999999999591 1361
0.7750000000000392 0.8249999999996033 1362
0.7750000000000583 0.8499999999996153 1363
0.7750000000000776 0.8749999999996322 1364
0.7750000000000969 0.8999999999997019 1365
0.775000000000116 0.9249999999997763 1366
0.7750000000001351 0.949999999999851 1367
0.7750000000001542 0.9749999999999256 1368
0.7999999999994856 0.02499999999998302 1369
0.7999999999994987 0.04999999999996113 1370
0.799999999999512 0.07499999999994438 1371
0.7999999999995252 0.09999999999993453 1372
0.7999999999995382 0.1249999999999226 1373
0.7999999999995515 0.1499999999998871 1374
0.7999999999995647 0.1749999999998496 1375
0.7999999999995778 0.1999999999998121 1376
0.7999999999995911 0.2249999999997744 1377
0.7999999999996045 0.2499999999997369 1378
0.7999999999996177 0.2749999999996993 1379
0.7999999999996306 0.2999999999996618 1380
0.7999999999996439 0.3249999999996243 1381
0.7999999999996572 0.3499999999995866 1382
0.7999999999996701 0.374999999999549 1383
0.7999999999996834 0.3999999999995115 1384
0.7999999999996967 0.4249999999994739 1385
0.7999999999997098 0.4499999999994364 1386
0.7999999999997229 0.4749999999993988 1387
0.7999999999997363 0.4999999999993655 1388
0.7999999999997494 0.5249999999993793 1389
0.7999999999997625 0.5499999999993973 1390
0.7999999999997758 0.5749999999994153 1391
0.7999999999997891 0.5999999999994334 1392
0.7999999999998024 0.6249999999994514 1393
0.7999999999998153 0.6499999999994697 1394
0.7999999999998286 0.6749999999994878 1395
0.7999999999998419 0.6999999999995059 1396
0.7999999999998548 0.7249999999995238 1397
0.7999999999998681 0.7499999999995419 1398
0.7999999999998815 0.7749999999995598 1399
0.7999999999998946 0.7999999999995779 1400
0.7999999999999077 0.8249999999995962 1401
0.799999999999921 0.8499999999996143 1402
0.7999999999999341 0.8749999999996366 1403
0.7999999999999472 0.8999999999997057 1404
0.7999999999999605 0.9249999999997794 1405
0.7999999999999736 0.9499999999998527 1406
0.7999999999999867 0.9749999999999265 1407
0.8249999999995458 0.02499999999997924 1408
0.8249999999995532 0.04999999999995342 1409
0.8249999999995602 0.07499999999993288 1410
0.8249999999995672 0.09999999999991949 1411
0.8249999999995744 0.1249999999999039 1412
0.8249999999995817 0.1499999999998642 1413
0.8249999999995888 0.1749999999998221 1414
0.8249999999995962 0.1999999999997801 1415
0.8249999999996033 0.2249999999997381 1416
0.8249999999996105 0.2499999999996961 1417
0.8249999999996176 0.2749999999996541 1418
0.824999999999625 0.2999999999996121 1419
0.824999999999632 0.3249999999995702 1420
0.8249999999996394 0.3499999999995281 1421
0.8249999999996467 0.3749999999994862 1422
0.8249999999996537 0.3999999999994442 1423
0.8249999999996608 0.4249999999994022 1424
0.8249999999996681 0.4499999999993602 1425
0.8249999999996754 0.4749999999993182 1426
0.8249999999996825 0.4999999999992814 1427
0.8249999999996899 0.5249999999993002 1428
0.824999999999697 0.5499999999993243 1429
0.8249999999997041 0.5749999999993483 1430
0.8249999999997112 0.5999999999993726 1431
0.8249999999997186 0.6249999999993964 1432
0.8249999999997256 0.6499999999994206 1433
0.8249999999997331 0.6749999999994446 1434
0.8249999999997402 0.6999999999994686 1435
0.8249999999997472 0.7249999999994927 1436
0.8249999999997547 0.7499999999995168 1437
0.8249999999997618 0.7749999999995407 1438
0.8249999999997689 0.7999999999995648 1439
0.824999999999776 0.8249999999995891 1440
0.8249999999997834 0.849999999999613 1441
0.8249999999997903 0.8749999999996405 1442
0.8249999999997978 0.8999999999997095 1443
0.8249999999998049 0.9249999999997821 1444
0.8249999999998123 0.9499999999998547 1445
0.8249999999998193 0.9749999999999274 1446
0.8499999999996056 0.02499999999997545 1447
0.8499999999996068 0.0499999999999457 1448
0.8499999999996081 0.07499999999992139 1449
0.8499999999996093 0.09999999999990444 1450
0.8499999999996105 0.1249999999998852 1451
0.8499999999996116 0.1499999999998411 1452
0.8499999999996131 0.1749999999997947 1453
0.849999999999614 0.1999999999997482 1454
0.8499999999996151 0.2249999999997018 1455
0.8499999999996166 0.2499999999996554 1456
0.8499999999996177 0.2749999999996091 1457
0.8499999999996189 0.2999999999995625 1458
0.8499999999996202 0.3249999999995161 1459
0.8499999999996213 0.3499999999994697 1460
0.8499999999996227 0.3749999999994234 1461
0.8499999999996239 0.3999999999993769 1462
0.8499999999996249 0.4249999999993305 1463
0.8499999999996263 0.4499999999992841 1464
0.8499999999996276 0.4749999999992377 1465
0.8499999999996287 0.4999999999991972 1466
0.8499999999996301 0.5249999999992212 1467
0.8499999999996312 0.5499999999992512 1468
0.8499999999996325 0.5749999999992812 1469
0.8499999999996333 0.5999999999993113 1470
0.8499999999996347 0.6249999999993413 1471
0.849999999999636 0.6499999999993713 1472
0.8499999999996375 0.6749999999994013 1473
0.8499999999996384 0.6999999999994315 1474
0.8499999999996396 0.7249999999994616 1475
0.8499999999996409 0.7499999999994917 1476
0.8499999999996422 0.7749999999995216 1477
0.8499999999996432 0.7999999999995515 1478
0.8499999999996445 0.8249999999995817 1479
0.8499999999996457 0.8499999999996115 1480
0.8499999999996469 0.8749999999996451 1481
0.849999999999648 0.8999999999997133 1482
0.8499999999996495 0.9249999999997851 1483
0.8499999999996507 0.9499999999998567 1484
0.8499999999996518 0.9749999999999283 1485
0.8749999999996664 0.02499999999997166 1486
0.874999999999662 0.04999999999993798 1487
0.8749999999996577 0.0749999999999099 1488
0.8749999999996535 0.0999999999998894 1489
0.8749999999996491 0.1249999999998665 1490
0.8749999999996451 0.1499999999998181 1491
0.8749999999996406 0.1749999999997672 1492
0.8749999999996366 0.1999999999997164 1493
0.8749999999996324 0.2249999999996655 1494
0.8749999999996283 0.2499999999996146 1495
0.874999999999624 0.2749999999995638 1496
0.8749999999996194 0.299999999999513 1497
0.8749999999996153 0.3249999999994622 1498
0.8749999999996112 0.3499999999994113 1499
0.8749999999996069 0.3749999999993605 1500
0.8749999999996025 0.3999999999993096 1501
0.8749999999995985 0.4249999999992587 1502
0.8749999999995944 0.4499999999992079 1503
0.87499999999959 0.4749999999991571 1504
0.8749999999995858 0.499999999999113 1505
0.8749999999995816 0.5249999999991422 1506
0.8749999999995773 0.5499999999991784 1507
0.8749999999995731 0.5749999999992144 1508
0.8749999999995691 0.5999999999992505 1509
0.8749999999995648 0.6249999999992863 1510
0.8749999999995605 0.6499999999993225 1511
0.8749999999995561 0.6749999999993582 1512
0.8749999999995519 0.6999999999993944 1513
0.8749999999995478 0.7249999999994303 1514
0.8749999999995433 0.7499999999994664 1515
0.8749999999995394 0.7749999999995023 1516
0.8749999999995349 0.7999999999995384 1517
0.8749999999995308 0.8249999999995745 1518
0.8749999999995265 0.8499999999996105 1519
0.8749999999995223 0.8749999999996493 1520
0.8749999999995181 0.8999999999997172 1521
0.8749999999995141 0.9249999999997879 1522
0.8749999999995096 0.9499999999998585 1523
0.8749999999995054 0.9749999999999294 1524
0.8999999999997326 0.02499999999996788 1525
0.8999999999997284 0.04999999999993027 1526
0.8999999999997248 0.07499999999989841 1527
0.8999999999997209 0.09999999999987436 1528
0.8999999999997171 0.1249999999998479 1529
0.8999999999997135 0.149999999999795 1530
0.8999999999997095 0.1749999999997398 1531
0.8999999999997055 0.1999999999996845 1532
0.899999999999702 0.2249999999996292 1533
0.8999999999996982 0.2499999999995739 1534
0.8999999999996942 0.2749999999995187 1535
0.8999999999996904 0.2999999999994635 1536
0.8999999999996868 0.3249999999994081 1537
0.8999999999996828 0.3499999999993529 1538
0.8999999999996791 0.3749999999992976 1539
0.8999999999996751 0.3999999999992423 1540
0.8999999999996715 0.424999999999187 1541
0.8999999999996675 0.4499999999991318 1542
0.8999999999996635 0.4749999999990765 1543
0.89999999999966 0.4999999999990289 1544
0.8999999999996562 0.5249999999990631 1545
0.8999999999996524 0.5499999999991051 1546
0.8999999999996484 0.5749999999991471 1547
0.8999999999996446 0.5999999999991892 1548
0.8999999999996409 0.6249999999992313 1549
0.8999999999996369 0.6499999999992732 1550
0.8999999999996331 0.6749999999993151 1551
0.8999999999996293 0.6999999999993571 1552
0.8999999999996258 0.7249999999993992 1553
0.8999999999996218 0.7499999999994411 1554
0.8999999999996178 0.7749999999994832 1555
0.8999999999996142 0.7999999999995253 1556
0.8999999999996102 0.8249999999995673 1557
0.8999999999996067 0.8499999999996094 1558
0.8999999999996027 0.8749999999996535 1559
0.8999999999995987 0.899999999999721 1560
0.8999999999995951 0.9249999999997908 1561
0.8999999999995911 0.9499999999998605 1562
0.8999999999995876 0.9749999999999304 1563
0.9249999999997994 0.02499999999996409 1564
0.9249999999997965 0.04999999999992255 1565
0.9249999999997937 0.07499999999988692 1566
0.9249999999997907 0.09999999999985931 1567
0.9249999999997879 0.1249999999998292 1568
0.9249999999997851 0.149999999999772 1569
0.9249999999997819 0.1749999999997123 1570
0.9249999999997793 0.1999999999996525 1571
0.9249999999997764 0.2249999999995929 1572
0.9249999999997738 0.2499999999995332 1573
0.9249999999997705 0.2749999999994735 1574
0.9249999999997679 0.2999999999994137 1575
0.924999999999765 0.324999999999354 1576
0.9249999999997622 0.3499999999992944 1577
0.9249999999997593 0.3749999999992347 1578
0.9249999999997564 0.399999999999175 1579
0.9249999999997535 0.4249999999991153 1580
0.9249999999997509 0.4499999999990556 1581
0.9249999999997477 0.4749999999989959 1582
0.924999999999745 0.4999999999989446 1583
0.9249999999997421 0.5249999999989841 1584
0.924999999999739 0.5499999999990323 1585
0.9249999999997363 0.57499999999908 1586
0.9249999999997337 0.5999999999991283 1587
0.9249999999997305 0.6249999999991761 1588
0.9249999999997279 0.6499999999992241 1589
0.9249999999997247 0.6749999999992721 1590
0.9249999999997222 0.6999999999993203 1591
0.924999999999719 0.7249999999993681 1592
0.9249999999997164 0.7499999999994162 1593
0.9249999999997135 0.7749999999994641 1594
0.9249999999997106 0.799999999999512 1595
0.9249999999997077 0.8249999999995602 1596
0.9249999999997049 0.8499999999996082 1597
0.9249999999997019 0.8749999999996577 1598
0.9249999999996991 0.8999999999997248 1599
0.9249999999996964 0.9249999999997937 1600
0.9249999999996933 0.9499999999998625 1601
0.9249999999996906 0.9749999999999314 1602
0.9499999999998665 0.02499999999996031 1603
0.9499999999998643 0.04999999999991483 1604
0.9499999999998625 0.07499999999987543 1605
0.9499999999998606 0.09999999999984424 1606
0.9499999999998587 0.1249999999998105 1607
0.9499999999998565 0.1499999999997489 1608
0.9499999999998551 0.1749999999996848 1609
0.949999999999853 0.1999999999996207 1610
0.949999999999851 0.2249999999995566 1611
0.949999999999849 0.2499999999994925 1612
0.9499999999998472 0.2749999999994283 1613
0.9499999999998454 0.2999999999993642 1614
0.9499999999998432 0.3249999999993001 1615
0.9499999999998416 0.3499999999992359 1616
0.9499999999998394 0.3749999999991718 1617
0.9499999999998379 0.3999999999991077 1618
0.9499999999998354 0.4249999999990436 1619
0.9499999999998339 0.4499999999989794 1620
0.9499999999998319 0.4749999999989153 1621
0.9499999999998301 0.4999999999988605 1622
0.9499999999998283 0.524999999998905 1623
0.9499999999998261 0.5499999999989592 1624
0.9499999999998243 0.574999999999013 1625
0.9499999999998223 0.5999999999990671 1626
0.9499999999998205 0.624999999999121 1627
0.9499999999998185 0.649999999999175 1628
0.9499999999998165 0.674999999999229 1629
0.9499999999998148 0.699999999999283 1630
0.9499999999998128 0.7249999999993371 1631
0.949999999999811 0.7499999999993909 1632
0.949999999999809 0.774999999999445 1633
0.949999999999807 0.7999999999994989 1634
0.9499999999998052 0.824999999999553 1635
0.9499999999998032 0.8499999999996067 1636
0.9499999999998012 0.8749999999996619 1637
0.9499999999997994 0.8999999999997286 1638
0.9499999999997975 0.9249999999997965 1639
0.9499999999997957 0.9499999999998643 1640
0.9499999999997937 0.9749999999999323 1641
0.9749999999999331 0.02499999999995652 1642
0.9749999999999323 0.04999999999990712 1643
0.9749999999999314 0.07499999999986394 1644
0.9749999999999304 0.0999999999998292 1645
0.9749999999999294 0.1249999999997918 1646
0.9749999999999286 0.1499999999997259 1647
0.9749999999999275 0.1749999999996574 1648
0.9749999999999264 0.1999999999995888 1649
0.9749999999999256 0.2249999999995203 1650
0.9749999999999246 0.2499999999994517 1651
0.9749999999999235 0.2749999999993831 1652
0.9749999999999226 0.2999999999993147 1653
0.9749999999999219 0.3249999999992461 1654
0.9749999999999207 0.3499999999991775 1655
0.9749999999999199 0.3749999999991089 1656
0.9749999999999188 0.3999999999990403 1657
0.9749999999999178 0.4249999999989719 1658
0.9749999999999172 0.4499999999989033 1659
0.9749999999999157 0.4749999999988348 1660
0.9749999999999152 0.4999999999987763 1661
0.9749999999999139 0.524999999998826 1662
0.9749999999999133 0.5499999999988862 1663
0.9749999999999124 0.5749999999989461 1664
0.9749999999999109 0.5999999999990062 1665
0.9749999999999103 0.624999999999066 1666
0.9749999999999094 0.6499999999991259 1667
0.9749999999999083 0.6749999999991859 1668
0.9749999999999073 0.6999999999992461 1669
0.9749999999999064 0.724999999999306 1670
0.9749999999999057 0.7499999999993658 1671
0.9749999999999045 0.7749999999994257 1672
0.9749999999999036 0.7999999999994858 1673
0.9749999999999025 0.8249999999995455 1674
0.9749999999999016 0.8499999999996056 1675
0.9749999999999007 0.8749999999996662 1676
0.9749999999998999 0.8999999999997323 1677
0.9749999999998987 0.9249999999997994 1678
0.9749999999998976 0.9499999999998663 1679
0.9749999999998969 0.9749999999999331 1680
NMARK= 1
MARKER_TAG= sides
MARKER_ELEMS= 160
3 0 4 
3 4 5 
3 5 6 
3 6 7 
3 7 8 
3 8 9 
3 9 10 
3 10 11 
3 11 12 
3 12 13 
3 13 14 
3 14 15 
3 15 16 
3 16 17 
3 17 18 
3 18 19 
3 19 20 
3 20 21 
3 21 22 
3 22 23 
3 23 24 
3 24 25 
3 25 26 
3 26 27 
3 27 28 
3 28 29 
3 29 30 
3 30 31 
3 31 32 
3 32 33 
3 33 34 
3 34 35 
3 35 36 
3 36 37 
3 37 38 
3 38 39 
3 39 40 
3 40 41 
3 41 42 
3 42 1 
3 1 43 
3 43 44 
3 44 45 
3 45 46 
3 46 47 
3 47 48 
3 48 49 
3 49 50 
3 50 51 
3 51 52 
3 52 53 
3 53 54 
3 54 55 
3 55 56 
3 56 57 
3 57 58 
3 58 59 
3 59 60 
3 60 61 
3 61 62 
3 62 63 
3 63 64 
3 64 65 
3 65 66 
3 66 67 
3 67 68 
3 68 69 
3 69 70 
3 70 71 
3 71 72 
3 72 73 
3 73 74 
3 74 75 
3 75 76 
3 76 77 
3 77 78 
3 78 79 
3 79 80 
3 80 81 
3 81 2 
3 2 82 
3 82 83 
3 83 84 
3 84 85 
3 85 86 
3 86 87 
3 87 88 
3 88 89 
3 89 90 
3 90 91 
3 91 92 
3 92 93 
3 93 94 
3 94 95 
3 95 96 
3 96 97 
3 97 98 
3 98 99 
3 99 100 
3 100 101 
3 101 102 
3 102 103 
3 103 104 
3 104 105 
3 105 106 
3 106 107 
3 107 108 
3 108 109 
3 109 110 
3 110 111 
3 111 112 
3 112 113 
3 113 114 
3 114 115 
3 115 116 
3 116 117 
3 117 118 
3 118 119 
3 119 120 
3 120 3 
3 3 121 
3 121 122 
3 122 123 
3 123 124 
3 124 125 
3 125 126 
3 126 127 
3 127 128 
3 128 129 
3 129 130 
3 130 131 
3 131 132 
3 132 133 
3 133 134 
3 134 135 
3 135 136 
3 136 137 
3 137 138 
3 138 139 
3 139 140 
3 140 141 
3 141 142 
3 142 143 
3 143 144 
3 144 145 
3 145 146 
3 146 147 
3 147 148 
3 148 149 
3 149 150 
3 150 151 
3 151 152 
3 152 153 
3 153 154 
3 154 155 
3 155 156 
3 156 157 
3 157 158 
3 158 159 
3 159 0 
